pref,muni,code,did_pop,did_pop_pct,urban,urban_naisui,records,years,first_year,last_year,area_takuchi_km2,area_km2,yukaue,yukashita,buildings,buildings_台風,buildings_梅雨前線,buildings_豪雨・その他,buildings_その他,kubochi_records,has_a51,hires_dem_pref
宮城県,石巻市,04202,79830,56.9,True,True,428,9,2010,2022,20.632,114.848,631.0,11041.0,11672.0,10443.0,0.0,1229.0,0.0,1,False,False
大阪府,守口市,27209,143096,100.0,True,True,102,3,2012,2016,0.675,0.675,649.0,7325.0,7974.0,0.0,33.0,7941.0,0.0,0,False,False
大阪府,寝屋川市,27215,227418,99.0,True,True,18,4,2010,2014,0.483,0.483,1241.0,5249.0,6490.0,5.0,20.0,6465.0,0.0,1,False,False
福岡県,久留米市,40203,188872,62.3,True,True,169,8,2010,2023,43.174,138.739,2189.0,3903.0,6092.0,2913.0,1527.0,1652.0,0.0,0,False,False
秋田県,秋田市,05201,245611,79.8,True,True,621,12,2010,2023,10.484,45.664,1881.0,3692.0,5573.0,19.0,4879.0,675.0,0.0,0,False,False
福岡県,小郡市,40216,42100,70.9,True,True,73,6,2010,2023,7.473,40.085,4612.0,324.0,4936.0,1488.0,682.0,2766.0,0.0,0,False,False
岡山県,倉敷市,33202,305435,64.4,True,True,379,10,2010,2022,0.67,0.67,623.0,4160.0,4783.0,4755.0,9.0,19.0,0.0,8,False,False
佐賀県,佐賀市,41201,139060,59.6,True,True,109,8,2010,2023,5.757,30.217,656.0,3887.0,4543.0,0.0,477.0,4066.0,0.0,3,False,False
兵庫県,高砂市,28216,78330,89.3,True,True,142,1,2011,2011,110.514,110.546,1033.0,3312.0,4345.0,4345.0,0.0,0.0,0.0,0,False,True
岡山県,岡山市北区,33101,225885,71.8,True,True,219,7,2010,2022,10.676,10.846,1258.0,2882.0,4140.0,4087.0,30.0,23.0,0.0,0,False,False
新潟県,三条市,15204,51561,54.5,True,True,284,6,2010,2018,1.346,37.486,2337.0,1625.0,3962.0,582.0,135.0,3245.0,0.0,0,False,False
京都府,福知山市,26201,39021,50.5,True,True,104,6,2013,2023,0.664,25.28,1579.0,2281.0,3860.0,1439.0,0.0,2421.0,0.0,4,False,False
岡山県,岡山市南区,33104,111191,66.3,True,True,164,5,2010,2018,2.747,3.402,91.0,3611.0,3702.0,3700.0,2.0,0.0,0.0,0,False,False
大阪府,枚方市,27210,386789,97.4,True,True,65,1,2012,2012,0.467,0.467,297.0,3274.0,3571.0,0.0,0.0,3571.0,0.0,0,False,False
静岡県,静岡市清水区,22103,199667,86.4,True,True,274,5,2014,2023,10.783,11.569,1964.0,1122.0,3086.0,3078.0,0.0,8.0,0.0,7,False,True
埼玉県,越谷市,11222,311178,91.1,True,True,101,3,2013,2015,9.353,9.353,526.0,2548.0,3074.0,3073.0,1.0,0.0,0.0,0,False,False
広島県,福山市,34207,264631,57.4,True,True,140,10,2010,2021,0.539,0.539,1185.0,1358.0,2543.0,2016.0,496.0,31.0,0.0,120,False,False
大阪府,門真市,27223,119764,100.0,True,True,47,1,2012,2012,0.187,0.187,335.0,2011.0,2346.0,0.0,61.0,2285.0,0.0,0,False,False
京都府,舞鶴市,26202,54252,67.6,True,True,156,11,2011,2023,1.047,3.796,706.0,1523.0,2229.0,2214.0,3.0,12.0,0.0,3,False,False
京都府,宇治市,26204,175891,97.9,True,True,70,8,2011,2021,0.969,0.981,617.0,1546.0,2163.0,42.0,0.0,2121.0,0.0,0,False,False
愛知県,名古屋市中村区,23105,138599,100.0,True,True,38,6,2011,2019,10.864,10.864,131.0,1781.0,1912.0,31.0,0.0,1881.0,0.0,0,False,False
埼玉県,春日部市,11214,202390,88.1,True,True,108,5,2010,2019,0.605,0.605,154.0,1559.0,1713.0,1712.0,0.0,1.0,0.0,0,False,False
和歌山県,新宮市,30207,14386,52.9,True,True,29,6,2010,2022,3.114,3.114,864.0,836.0,1700.0,1326.0,56.0,318.0,0.0,0,False,False
兵庫県,姫路市,28201,392599,74.0,True,True,377,10,2010,2022,0.171,0.171,474.0,1167.0,1641.0,1507.0,47.0,87.0,0.0,0,False,True
福島県,郡山市,07203,245463,74.9,True,True,216,9,2010,2019,2.666,2.909,877.0,574.0,1451.0,788.0,70.0,593.0,0.0,14,False,False
愛知県,名古屋市西区,23104,151082,100.0,True,True,27,4,2011,2016,10.437,10.437,98.0,1341.0,1439.0,77.0,0.0,1362.0,0.0,0,False,False
愛知県,江南市,23217,57758,58.8,True,True,273,6,2011,2023,1.161,1.161,218.0,1143.0,1361.0,4.0,67.0,1290.0,0.0,0,False,False
愛知県,一宮市,23203,276660,72.8,True,True,193,12,2010,2022,1.216,1.63,240.0,1072.0,1312.0,89.0,20.0,1203.0,0.0,3,False,False
愛知県,名古屋市中川区,23110,217817,98.7,True,True,40,7,2011,2021,12.947,12.947,185.0,1123.0,1308.0,11.0,1.0,1296.0,0.0,0,False,False
宮城県,柴田町,04323,23663,61.9,True,True,97,8,2010,2019,1.344,4.809,520.0,749.0,1269.0,1246.0,0.0,23.0,0.0,0,False,False
京都府,八幡市,26210,62182,88.3,True,True,2,2,2012,2013,2.099,2.099,58.0,1136.0,1194.0,886.0,0.0,308.0,0.0,0,False,False
静岡県,浜松市東区,22132,79734,61.6,True,True,39,4,2013,2023,8.735,13.873,224.0,907.0,1131.0,1079.0,0.0,52.0,0.0,0,False,True
和歌山県,和歌山市,30201,274582,77.0,True,True,118,8,2010,2023,0.765,1.039,266.0,859.0,1125.0,1057.0,57.0,11.0,0.0,4,False,False
静岡県,静岡市葵区,22101,214936,86.2,True,True,219,3,2014,2023,2.253,2.914,556.0,535.0,1091.0,1091.0,0.0,0.0,0.0,0,False,True
埼玉県,朝霞市,11227,138466,98.1,True,True,299,10,2010,2020,0.085,0.085,414.0,593.0,1007.0,462.0,348.0,197.0,0.0,201,False,False
栃木県,小山市,09208,101980,61.2,True,True,59,6,2011,2019,10.749,33.493,249.0,683.0,932.0,919.0,0.0,13.0,0.0,0,False,False
埼玉県,さいたま市桜区,11106,95598,96.9,True,True,128,8,2013,2023,0.785,0.785,649.0,280.0,929.0,927.0,0.0,2.0,0.0,0,False,False
大阪府,高槻市,27207,335860,95.2,True,True,93,2,2012,2013,0.131,0.131,240.0,652.0,892.0,17.0,0.0,875.0,0.0,0,False,False
岡山県,岡山市中区,33102,126993,85.1,True,True,106,4,2010,2018,0.597,0.613,59.0,827.0,886.0,878.0,6.0,2.0,0.0,0,False,False
富山県,高岡市,16202,83714,50.4,True,True,145,6,2011,2023,1.448,1.691,274.0,606.0,880.0,0.0,1.0,879.0,0.0,0,False,False
埼玉県,川越市,11201,287009,80.9,True,True,35,6,2011,2022,0.271,0.286,326.0,550.0,876.0,862.0,0.0,14.0,0.0,1,True,False
埼玉県,川口市,11203,583102,98.1,True,True,198,8,2010,2023,0.115,0.115,270.0,574.0,844.0,205.0,2.0,637.0,0.0,2,False,False
愛知県,名古屋市北区,23103,162956,100.0,True,True,28,4,2011,2021,4.26,4.26,23.0,787.0,810.0,78.0,5.0,727.0,0.0,0,False,False
高知県,高知市,39201,266025,81.4,True,True,97,3,2010,2015,1.977,1.977,318.0,459.0,777.0,536.0,0.0,241.0,0.0,0,False,False
山口県,山口市,35203,98987,51.0,True,True,108,6,2010,2023,0.351,0.354,154.0,621.0,775.0,1.0,482.0,292.0,0.0,0,False,False
広島県,呉市,34202,142702,66.5,True,True,66,3,2010,2018,0.706,0.706,284.0,472.0,756.0,397.0,359.0,0.0,0.0,0,False,False
兵庫県,加古川市,28210,203937,78.2,True,True,160,7,2011,2018,1.391,1.447,161.0,563.0,724.0,700.0,24.0,0.0,0.0,1,False,True
宮崎県,宮崎市,45201,277345,69.1,True,True,144,9,2012,2022,2.239,8.292,194.0,526.0,720.0,712.0,0.0,8.0,0.0,101,False,False
宮城県,仙台市宮城野区,04102,186808,95.0,True,True,31,5,2010,2019,0.207,5.936,494.0,224.0,718.0,716.0,0.0,2.0,0.0,0,False,False
長野県,長野市,20201,272005,73.0,True,True,79,9,2010,2023,1.187,2.18,28.0,686.0,714.0,344.0,305.0,65.0,0.0,1,True,False
新潟県,見附市,15211,24852,63.3,True,True,38,5,2010,2017,11.808,12.928,94.0,602.0,696.0,0.0,409.0,287.0,0.0,0,False,False
埼玉県,ふじみ野市,11245,106463,93.7,True,True,30,4,2015,2019,0.212,0.212,301.0,356.0,657.0,657.0,0.0,0.0,0.0,8,False,False
岐阜県,多治見市,21204,53785,50.4,True,True,105,3,2010,2013,0.422,0.422,442.0,212.0,654.0,604.0,39.0,11.0,0.0,0,False,False
岐阜県,大垣市,21202,95817,60.5,True,True,103,6,2011,2022,0.995,1.55,15.0,633.0,648.0,175.0,0.0,473.0,0.0,1,False,False
富山県,富山市,16201,246850,59.6,True,True,135,11,2010,2023,0.324,0.324,50.0,579.0,629.0,14.0,4.0,611.0,0.0,1,True,False
大阪府,大東市,27218,117979,98.8,True,True,48,3,2012,2017,0.018,0.018,48.0,571.0,619.0,1.0,4.0,614.0,0.0,0,False,False
静岡県,伊豆の国市,22225,24875,53.1,True,True,27,2,2010,2019,0.892,2.939,303.0,308.0,611.0,610.0,0.0,1.0,0.0,26,False,True
千葉県,我孫子市,12222,112835,86.5,True,True,17,8,2010,2023,0.074,0.074,135.0,464.0,599.0,489.0,26.0,84.0,0.0,6,False,False
京都府,京都市伏見区,26109,263649,94.8,True,True,51,6,2010,2020,0.049,0.049,261.0,333.0,594.0,442.0,3.0,149.0,0.0,0,False,False
埼玉県,さいたま市岩槻区,11110,78368,70.1,True,True,84,7,2013,2023,0.33,0.33,156.0,388.0,544.0,543.0,0.0,1.0,0.0,0,False,False
埼玉県,幸手市,11240,25861,51.7,True,True,40,9,2011,2022,0.294,0.294,93.0,445.0,538.0,529.0,0.0,9.0,0.0,0,False,False
宮崎県,延岡市,45203,78838,66.6,True,True,174,7,2011,2022,5.708,20.342,265.0,268.0,533.0,454.0,0.0,79.0,0.0,1,False,False
神奈川県,川崎市高津区,14134,234328,100.0,True,True,12,7,2013,2020,0.056,0.056,323.0,209.0,532.0,528.0,1.0,3.0,0.0,0,False,True
静岡県,焼津市,22212,79375,58.0,True,True,121,7,2010,2022,7.344,10.555,308.0,221.0,529.0,506.0,3.0,20.0,0.0,0,False,True
大阪府,東大阪市,27227,492760,99.8,True,True,281,8,2010,2022,0.094,0.094,85.0,436.0,521.0,37.0,119.0,365.0,0.0,68,False,False
埼玉県,松伏町,11465,19492,69.0,True,True,4,3,2013,2023,0.551,0.555,139.0,369.0,508.0,507.0,0.0,1.0,0.0,0,False,False
神奈川県,川崎市中原区,14133,263683,100.0,True,True,7,3,2014,2019,0.065,0.065,373.0,133.0,506.0,505.0,0.0,1.0,0.0,0,False,True
京都府,京都市右京区,26108,191995,95.0,True,True,104,8,2010,2020,0.054,0.055,190.0,310.0,500.0,274.0,21.0,205.0,0.0,0,False,False
静岡県,函南町,22325,22887,62.2,True,True,3,2,2019,2021,0.48,2.718,360.0,134.0,494.0,489.0,5.0,0.0,0.0,0,False,True
大阪府,大阪市東淀川区,27114,177120,100.0,True,True,2,1,2012,2012,0.024,0.024,59.0,429.0,488.0,0.0,0.0,488.0,0.0,0,False,False
三重県,津市,24201,137562,50.1,True,True,85,8,2010,2018,0.09,5.268,110.0,372.0,482.0,481.0,0.0,1.0,0.0,0,False,False
神奈川県,平塚市,14203,240517,93.0,True,True,68,5,2013,2021,0.116,0.116,95.0,385.0,480.0,151.0,289.0,40.0,0.0,1,False,True
福島県,福島市,07201,185024,65.5,True,True,86,11,2010,2023,0.46,0.46,258.0,215.0,473.0,376.0,5.0,92.0,0.0,0,False,False
千葉県,松戸市,12207,487367,97.8,True,True,32,6,2010,2018,0.086,0.086,139.0,325.0,464.0,397.0,51.0,16.0,0.0,7,False,False
徳島県,徳島市,36201,178226,70.6,True,True,99,5,2011,2018,0.071,0.935,127.0,330.0,457.0,424.0,0.0,33.0,0.0,1,False,False
三重県,四日市市,24202,205948,67.4,True,True,58,6,2011,2022,0.067,0.067,50.0,405.0,455.0,425.0,0.0,30.0,0.0,6,False,False
埼玉県,草加市,11221,246259,99.2,True,True,109,6,2010,2023,0.22,0.22,91.0,359.0,450.0,413.0,0.0,37.0,0.0,1,False,False
宮崎県,日向市,45206,39762,66.7,True,True,75,8,2011,2023,0.949,1.299,205.0,243.0,448.0,437.0,0.0,11.0,0.0,1,False,False
三重県,鈴鹿市,24207,111739,57.1,True,True,36,7,2011,2017,0.073,0.073,24.0,413.0,437.0,431.0,0.0,6.0,0.0,0,False,False
愛媛県,松山市,38201,427540,83.7,True,True,125,7,2010,2022,0.086,0.086,31.0,400.0,431.0,17.0,352.0,62.0,0.0,0,False,False
静岡県,富士市,22210,200725,81.8,True,True,119,6,2010,2023,0.29,0.29,110.0,290.0,400.0,380.0,15.0,5.0,0.0,4,False,True
東京都,板橋区,13119,584483,100.0,True,True,84,8,2010,2019,0.034,0.034,290.0,109.0,399.0,24.0,6.0,369.0,0.0,0,False,True
新潟県,新潟市,15100,593568,75.2,True,True,120,1,2011,2011,0.048,0.048,53.0,334.0,387.0,0.0,0.0,387.0,0.0,0,False,False
宮城県,多賀城市,04209,59831,95.2,True,True,29,2,2011,2014,0.546,0.546,49.0,318.0,367.0,367.0,0.0,0.0,0.0,0,True,False
愛知県,名古屋市守山区,23113,160947,91.1,True,True,37,5,2011,2023,0.099,0.099,70.0,287.0,357.0,320.0,0.0,37.0,0.0,0,False,False
東京都,練馬区,13120,752608,100.0,True,True,119,10,2010,2020,0.029,0.029,223.0,130.0,353.0,7.0,11.0,335.0,0.0,0,False,True
静岡県,藤枝市,22214,86656,61.3,True,True,37,6,2012,2023,0.242,0.242,173.0,179.0,352.0,322.0,6.0,24.0,0.0,3,False,True
神奈川県,小田原市,14206,164884,87.3,True,True,58,3,2010,2021,0.134,0.134,39.0,312.0,351.0,328.0,23.0,0.0,0.0,2,False,True
宮城県,大河原町,04321,17101,72.6,True,True,23,5,2011,2019,1.418,1.511,136.0,214.0,350.0,350.0,0.0,0.0,0.0,1,False,False
愛知県,春日井市,23206,267960,86.8,True,True,79,7,2011,2021,1.451,1.451,153.0,194.0,347.0,245.0,0.0,102.0,0.0,13,False,False
宮城県,仙台市若林区,04103,136294,96.3,True,True,40,6,2010,2019,0.159,11.964,205.0,141.0,346.0,304.0,0.0,42.0,0.0,0,False,False
千葉県,市川市,12203,486306,97.9,True,True,74,4,2010,2015,0.061,0.061,151.0,190.0,341.0,324.0,0.0,17.0,0.0,0,False,False
青森県,青森市,02201,219275,79.7,True,True,99,6,2010,2022,0.574,10.513,36.0,304.0,340.0,249.0,48.0,43.0,0.0,16,False,False
愛知県,西尾市,23213,85818,50.8,True,True,94,7,2011,2023,0.082,0.082,93.0,247.0,340.0,107.0,0.0,233.0,0.0,8,False,False
宮城県,仙台市太白区,04104,218060,92.9,True,True,26,8,2010,2019,0.11,3.292,138.0,194.0,332.0,315.0,0.0,17.0,0.0,0,False,False
静岡県,静岡市駿河区,22102,204377,95.9,True,True,80,5,2014,2023,1.251,1.379,163.0,168.0,331.0,331.0,0.0,0.0,0.0,1,False,True
群馬県,伊勢崎市,10204,106774,50.4,True,True,85,7,2010,2023,0.045,0.109,81.0,233.0,314.0,283.0,6.0,25.0,0.0,1,False,False
東京都,狛江市,13219,84772,100.0,True,True,18,5,2010,2019,0.114,0.127,104.0,199.0,303.0,301.0,0.0,2.0,0.0,0,False,True
千葉県,船橋市,12204,617424,96.0,True,True,85,6,2010,2023,0.086,0.086,108.0,189.0,297.0,251.0,18.0,28.0,0.0,1,False,False
京都府,城陽市,26207,67603,90.6,True,True,12,4,2010,2016,0.024,0.025,40.0,250.0,290.0,32.0,0.0,258.0,0.0,0,False,False
静岡県,浜松市南区,22134,59051,59.1,True,True,26,8,2010,2023,6.443,8.64,76.0,214.0,290.0,288.0,0.0,2.0,0.0,0,False,True
京都府,亀岡市,26206,58828,68.3,True,True,112,5,2010,2015,0.055,0.954,97.0,189.0,286.0,130.0,19.0,137.0,0.0,0,False,False
千葉県,市原市,12219,174608,64.7,True,True,117,9,2010,2023,0.07,0.862,85.0,200.0,285.0,228.0,30.0,27.0,0.0,21,False,False
広島県,広島市安佐北区,34106,84375,60.7,True,True,2,2,2014,2021,0.066,0.201,83.0,201.0,284.0,0.0,0.0,284.0,0.0,0,True,False
愛知県,豊川市,23207,123059,66.6,True,True,15,4,2017,2023,0.849,4.257,146.0,137.0,283.0,280.0,3.0,0.0,0.0,0,False,False
宮城県,仙台市青葉区,04101,283507,91.0,True,True,47,8,2010,2019,0.065,0.947,163.0,119.0,282.0,251.0,0.0,31.0,0.0,1,False,False
福井県,福井市,18201,184843,70.5,True,True,63,9,2010,2023,0.229,0.229,11.0,270.0,281.0,19.0,23.0,239.0,0.0,0,False,False
京都府,京都市山科区,26110,129182,95.6,True,True,15,6,2010,2020,0.021,0.021,64.0,216.0,280.0,277.0,2.0,1.0,0.0,0,False,False
岐阜県,各務原市,21213,87517,60.6,True,True,83,12,2010,2022,0.052,0.052,20.0,257.0,277.0,77.0,46.0,154.0,0.0,24,False,False
大分県,大分市,44201,351227,73.8,True,True,57,3,2011,2018,0.444,0.504,46.0,230.0,276.0,276.0,0.0,0.0,0.0,0,False,False
埼玉県,八潮市,11234,90626,97.1,True,True,40,5,2010,2023,0.045,0.045,119.0,157.0,276.0,272.0,0.0,4.0,0.0,0,False,False
茨城県,取手市,08217,76946,73.6,True,True,11,4,2013,2023,0.158,1.096,12.0,254.0,266.0,259.0,0.0,7.0,0.0,0,False,False
埼玉県,富士見市,11235,103613,92.6,True,True,8,3,2011,2019,0.04,0.04,78.0,188.0,266.0,264.0,0.0,2.0,0.0,6,False,False
東京都,世田谷区,13112,943664,100.0,True,True,94,10,2010,2021,0.03,0.03,130.0,135.0,265.0,45.0,115.0,105.0,0.0,0,False,True
千葉県,佐倉市,12212,136266,80.8,True,True,68,6,2010,2019,0.086,0.086,59.0,202.0,261.0,223.0,0.0,38.0,0.0,0,False,False
東京都,八王子市,13201,525295,90.6,True,True,105,5,2013,2019,0.084,0.084,65.0,190.0,255.0,254.0,1.0,0.0,0.0,0,False,True
神奈川県,茅ヶ崎市,14207,228616,94.3,True,True,65,4,2010,2016,0.243,0.243,3.0,252.0,255.0,48.0,0.0,207.0,0.0,1,False,True
青森県,弘前市,02202,115326,68.5,True,True,93,7,2010,2022,0.031,0.348,158.0,94.0,252.0,120.0,5.0,127.0,0.0,26,False,False
千葉県,野田市,12208,100881,66.0,True,True,16,5,2010,2017,0.059,0.059,18.0,230.0,248.0,133.0,0.0,115.0,0.0,0,False,False
静岡県,島田市,22209,52851,55.2,True,True,41,5,2011,2022,0.081,0.095,76.0,169.0,245.0,204.0,13.0,28.0,0.0,2,False,True
新潟県,加茂市,15209,15832,62.2,True,True,67,5,2010,2022,0.204,0.204,16.0,225.0,241.0,5.0,0.0,236.0,0.0,2,False,False
岐阜県,岐阜市,21201,304103,75.5,True,True,67,9,2010,2022,1.338,1.796,22.0,217.0,239.0,25.0,68.0,146.0,0.0,1,False,False
群馬県,高崎市,10202,201755,54.1,True,True,69,8,2010,2019,0.108,0.115,17.0,217.0,234.0,80.0,2.0,152.0,0.0,1,False,False
島根県,松江市,32201,106434,52.3,True,True,157,8,2010,2023,0.118,0.118,27.0,202.0,229.0,1.0,144.0,84.0,0.0,3,False,False
宮城県,名取市,04207,55181,70.1,True,True,42,2,2017,2019,1.372,27.044,81.0,148.0,229.0,229.0,0.0,0.0,0.0,0,False,False
愛知県,大治町,23424,31574,97.5,True,True,6,5,2012,2021,0.102,0.102,8.0,218.0,226.0,121.0,0.0,105.0,0.0,0,False,False
東京都,大田区,13111,748081,100.0,True,True,66,7,2013,2023,0.036,0.036,109.0,117.0,226.0,106.0,91.0,29.0,0.0,0,False,True
東京都,目黒区,13110,288088,100.0,True,True,129,8,2013,2020,0.007,0.007,142.0,80.0,222.0,7.0,147.0,68.0,0.0,0,False,True
千葉県,千葉市,12100,891873,91.5,True,True,55,1,2010,2010,0.051,0.051,100.0,118.0,218.0,2.0,0.0,216.0,0.0,0,False,False
奈良県,大和高田市,29202,45872,74.3,True,True,22,6,2010,2023,0.025,0.025,13.0,200.0,213.0,37.0,45.0,131.0,0.0,0,False,False
三重県,桑名市,24205,74955,54.0,True,True,80,8,2011,2020,0.068,0.068,26.0,187.0,213.0,38.0,0.0,175.0,0.0,0,False,False
奈良県,奈良市,29201,308712,87.1,True,True,87,8,2010,2018,0.034,0.034,22.0,191.0,213.0,75.0,0.0,138.0,0.0,8,False,False
大阪府,交野市,27230,71172,94.9,True,True,49,4,2012,2017,0.085,0.085,35.0,168.0,203.0,8.0,6.0,189.0,0.0,2,False,False
埼玉県,志木市,11228,74945,99.5,True,True,16,5,2013,2023,0.025,0.025,17.0,184.0,201.0,201.0,0.0,0.0,0.0,0,False,False
北海道,釧路町,01661,10191,53.3,True,True,38,4,2010,2015,0.54,0.54,92.0,103.0,195.0,1.0,0.0,194.0,0.0,0,False,False
宮城県,塩竈市,04203,46734,89.5,True,True,23,2,2014,2019,0.254,0.254,90.0,104.0,194.0,194.0,0.0,0.0,0.0,22,False,False
東京都,豊島区,13116,301599,100.0,True,True,42,4,2011,2019,0.021,0.021,123.0,71.0,194.0,22.0,0.0,172.0,0.0,0,False,True
大阪府,摂津市,27224,87265,99.8,True,True,40,2,2012,2013,0.099,0.099,52.0,139.0,191.0,0.0,0.0,191.0,0.0,0,False,False
埼玉県,三郷市,11237,131467,92.5,True,True,41,4,2010,2015,0.06,0.06,85.0,104.0,189.0,185.0,0.0,4.0,0.0,0,False,False
東京都,青梅市,13205,105591,79.1,True,True,21,2,2016,2019,0.04,0.04,96.0,92.0,188.0,188.0,0.0,0.0,0.0,11,False,True
広島県,大竹市,34211,21871,83.1,True,True,45,5,2014,2023,0.078,0.078,33.0,154.0,187.0,185.0,1.0,1.0,0.0,1,False,False
東京都,品川区,13109,422488,100.0,True,True,56,8,2010,2023,0.024,0.024,96.0,90.0,186.0,28.0,54.0,104.0,0.0,0,False,True
大阪府,泉佐野市,27213,82788,82.7,True,True,1,1,2014,2014,0.031,0.031,37.0,147.0,184.0,184.0,0.0,0.0,0.0,0,False,False
大阪府,豊中市,27203,401558,100.0,True,True,13,3,2012,2014,0.292,0.292,9.0,174.0,183.0,10.0,0.0,173.0,0.0,2,False,False
大阪府,吹田市,27205,385567,100.0,True,True,49,8,2010,2020,0.02,0.02,15.0,165.0,180.0,24.0,0.0,156.0,0.0,14,False,False
東京都,江戸川区,13123,697932,100.0,True,True,26,5,2010,2016,1.137,1.137,72.0,107.0,179.0,81.0,0.0,98.0,0.0,0,False,True
福岡県,大牟田市,40202,91868,82.5,True,True,16,6,2018,2023,0.011,0.162,70.0,108.0,178.0,17.0,153.0,8.0,0.0,4,True,False
静岡県,沼津市,22203,162233,85.7,True,True,27,9,2010,2023,0.609,1.63,93.0,83.0,176.0,123.0,36.0,17.0,0.0,1,False,True
京都府,京都市左京区,26103,150655,90.7,True,True,29,7,2010,2020,0.014,0.014,30.0,145.0,175.0,131.0,8.0,36.0,0.0,0,False,False
愛知県,岡崎市,23202,299580,77.9,True,True,72,6,2011,2023,0.051,0.068,48.0,127.0,175.0,161.0,1.0,13.0,0.0,1,False,False
岩手県,盛岡市,03201,235450,81.3,True,True,119,5,2010,2022,0.247,2.369,2.0,166.0,168.0,0.0,0.0,168.0,0.0,1,False,False
宮城県,仙台市泉区,04105,179796,84.7,True,True,11,7,2010,2019,0.034,3.099,89.0,76.0,165.0,159.0,0.0,6.0,0.0,1,False,False
大阪府,大阪市旭区,27117,89670,100.0,True,True,2,1,2012,2012,0.015,0.015,10.0,154.0,164.0,0.0,0.0,164.0,0.0,0,False,False
東京都,杉並区,13115,591108,100.0,True,True,157,11,2010,2023,0.016,0.016,115.0,48.0,163.0,9.0,10.0,144.0,0.0,0,False,True
兵庫県,伊丹市,28207,197972,99.9,True,True,50,4,2010,2014,0.015,0.015,53.0,110.0,163.0,0.0,1.0,162.0,0.0,0,False,True
愛知県,名古屋市熱田区,23109,66957,100.0,True,True,15,4,2013,2021,0.47,0.47,48.0,114.0,162.0,0.0,1.0,161.0,0.0,0,False,False
愛知県,清須市,23233,58154,86.3,True,True,34,3,2012,2016,0.542,0.542,5.0,156.0,161.0,1.0,0.0,160.0,0.0,0,False,False
鳥取県,鳥取市,31201,103827,55.2,True,True,76,6,2011,2023,0.134,0.299,32.0,128.0,160.0,93.0,62.0,5.0,0.0,1,True,True
奈良県,田原本町,29363,18796,60.3,True,True,29,6,2010,2023,0.167,0.208,10.0,146.0,156.0,82.0,6.0,68.0,0.0,2,False,False
埼玉県,吉川市,11243,59702,82.9,True,True,25,4,2011,2023,0.115,0.115,49.0,102.0,151.0,149.0,0.0,2.0,0.0,9,False,False
大阪府,大阪市天王寺区,27109,82148,100.0,True,True,3,1,2012,2012,0.014,0.014,3.0,145.0,148.0,1.0,0.0,147.0,0.0,0,False,False
滋賀県,栗東市,25208,48038,69.8,True,True,28,5,2010,2021,0.072,0.072,6.0,141.0,147.0,137.0,1.0,9.0,0.0,0,False,False
愛知県,名古屋市港区,23111,136046,94.6,True,True,36,4,2012,2020,1.938,1.938,30.0,116.0,146.0,2.0,0.0,144.0,0.0,0,False,False
千葉県,千葉市中央区,12101,204864,96.8,True,True,22,7,2012,2023,0.03,0.03,23.0,122.0,145.0,122.0,1.0,22.0,0.0,2,False,False
大阪府,大阪市東住吉区,27121,127849,100.0,True,True,1,1,2012,2012,0.011,0.011,3.0,140.0,143.0,0.0,0.0,143.0,0.0,0,False,False
愛知県,小牧市,23219,117528,79.0,True,True,46,5,2013,2019,0.068,0.068,6.0,133.0,139.0,4.0,0.0,135.0,0.0,0,False,False
神奈川県,鎌倉市,14204,166447,96.4,True,True,4,1,2014,2014,0.007,0.007,96.0,43.0,139.0,139.0,0.0,0.0,0.0,0,False,True
神奈川県,川崎市川崎区,14131,232965,100.0,True,True,39,4,2013,2019,0.014,0.014,59.0,80.0,139.0,79.0,12.0,48.0,0.0,0,False,True
北海道,岩見沢市,01210,47022,59.3,True,True,11,2,2010,2012,0.764,2.335,53.0,86.0,139.0,0.0,0.0,139.0,0.0,0,False,False
神奈川県,横浜市瀬谷区,14114,118102,96.3,True,True,17,5,2013,2019,0.015,0.015,16.0,121.0,137.0,110.0,0.0,27.0,0.0,9,False,True
神奈川県,川崎市多摩区,14135,221687,100.0,True,True,5,4,2013,2019,0.011,0.011,55.0,82.0,137.0,115.0,0.0,22.0,0.0,0,False,True
愛知県,名古屋市東区,23102,84392,100.0,True,True,21,6,2011,2019,2.239,2.239,8.0,128.0,136.0,16.0,0.0,120.0,0.0,0,False,False
長崎県,大村市,42205,66965,70.2,True,True,41,1,2020,2020,0.037,0.037,83.0,51.0,134.0,0.0,134.0,0.0,0.0,41,False,False
静岡県,浜松市中区,22131,229224,97.4,True,True,25,8,2010,2023,1.098,1.599,26.0,105.0,131.0,109.0,0.0,22.0,0.0,0,False,True
栃木県,宇都宮市,09201,403616,77.8,True,True,25,5,2014,2018,0.018,0.018,46.0,85.0,131.0,108.0,0.0,23.0,0.0,0,False,False
青森県,八戸市,02203,157255,70.4,True,True,53,8,2010,2019,0.056,0.399,31.0,99.0,130.0,70.0,0.0,60.0,0.0,0,True,False
埼玉県,さいたま市中央区,11105,103269,100.0,True,True,42,7,2013,2023,0.142,0.142,58.0,69.0,127.0,112.0,0.0,15.0,0.0,0,False,False
埼玉県,さいたま市大宮区,11103,117490,99.8,True,True,32,6,2013,2023,0.073,0.073,95.0,31.0,126.0,75.0,0.0,51.0,0.0,0,False,False
東京都,武蔵野市,13203,150149,100.0,True,True,16,4,2010,2018,0.062,0.062,49.0,77.0,126.0,0.0,0.0,126.0,0.0,0,False,True
埼玉県,蓮田市,11238,42386,68.9,True,True,2,2,2013,2016,0.012,0.132,0.0,123.0,123.0,123.0,0.0,0.0,0.0,1,False,False
東京都,渋谷区,13113,243883,100.0,True,True,52,5,2010,2021,0.018,0.018,91.0,32.0,123.0,23.0,2.0,98.0,0.0,0,False,True
京都府,向日市,26208,56655,99.6,True,True,12,4,2010,2015,0.012,0.179,9.0,113.0,122.0,115.0,0.0,7.0,0.0,0,False,False
栃木県,足利市,09202,91229,63.0,True,True,35,3,2014,2019,1.667,1.741,55.0,66.0,121.0,85.0,36.0,0.0,0.0,0,False,False
千葉県,千葉市稲毛区,12103,156851,97.7,True,True,23,7,2012,2023,0.025,0.025,13.0,108.0,121.0,101.0,4.0,16.0,0.0,4,False,False
東京都,北区,13117,355213,100.0,True,True,88,6,2010,2018,0.039,0.039,70.0,49.0,119.0,0.0,4.0,115.0,0.0,0,False,True
大阪府,大阪市東成区,27115,84906,100.0,True,True,9,2,2012,2019,0.013,0.013,1.0,114.0,115.0,18.0,0.0,97.0,0.0,0,False,False
東京都,文京区,13105,240069,100.0,True,True,20,6,2010,2021,0.006,0.006,92.0,21.0,113.0,12.0,1.0,100.0,0.0,0,False,True
東京都,三鷹市,13204,195391,100.0,True,True,19,6,2011,2019,0.013,0.013,40.0,72.0,112.0,3.0,44.0,65.0,0.0,0,False,True
神奈川県,秦野市,14211,144282,88.8,True,True,25,5,2010,2015,0.013,0.013,64.0,47.0,111.0,10.0,32.0,69.0,0.0,1,False,True
熊本県,荒尾市,43204,25855,50.8,True,True,5,2,2020,2021,1.487,1.487,9.0,101.0,110.0,0.0,103.0,7.0,0.0,0,False,False
神奈川県,藤沢市,14205,411445,94.1,True,True,34,5,2013,2017,0.018,0.018,53.0,56.0,109.0,109.0,0.0,0.0,0.0,0,False,True
山口県,下関市,35201,167629,65.7,True,True,34,4,2010,2015,0.546,0.55,3.0,104.0,107.0,84.0,20.0,3.0,0.0,0,False,False
東京都,立川市,13202,182834,99.6,True,True,37,5,2010,2022,0.023,0.023,14.0,93.0,107.0,68.0,8.0,31.0,0.0,0,False,True
北海道,釧路市,01206,148153,89.7,True,True,58,3,2013,2021,0.957,0.957,12.0,94.0,106.0,104.0,0.0,2.0,0.0,0,False,False
京都府,京都市西京区,26111,138152,92.2,True,True,26,4,2010,2018,0.009,0.009,28.0,77.0,105.0,102.0,1.0,2.0,0.0,0,False,False
埼玉県,新座市,11230,156505,94.3,True,True,28,5,2010,2017,0.017,0.017,32.0,72.0,104.0,46.0,23.0,35.0,0.0,0,False,False
福岡県,北九州市小倉北区,40106,181525,99.0,True,True,14,3,2013,2017,0.014,0.014,21.0,83.0,104.0,9.0,94.0,1.0,0.0,0,False,False
熊本県,益城町,43443,21314,65.6,True,True,2,1,2016,2016,0.11,0.11,21.0,82.0,103.0,0.0,103.0,0.0,0.0,0,False,False
埼玉県,坂戸市,11239,67890,67.7,True,True,8,3,2017,2022,0.321,5.62,42.0,60.0,102.0,99.0,0.0,3.0,0.0,2,False,False
京都府,京都市下京区,26106,82784,100.0,True,True,24,2,2010,2014,0.012,0.012,12.0,89.0,101.0,25.0,0.0,76.0,0.0,0,False,False
新潟県,長岡市,15202,130872,49.0,False,False,571,5,2010,2019,0.6,13.879,894.0,2323.0,3217.0,23.0,1382.0,1812.0,0.0,1,False,False
佐賀県,武雄市,41206,7377,15.4,False,False,185,9,2010,2021,6.017,64.095,1637.0,1021.0,2658.0,106.0,59.0,2493.0,0.0,0,False,False
佐賀県,白石町,,0,0.0,False,False,225,9,2010,2021,8.608,63.875,160.0,2379.0,2539.0,67.0,425.0,2047.0,0.0,91,False,False
愛媛県,宇和島市,38203,29893,42.2,False,False,76,7,2011,2021,0.084,0.084,1230.0,1100.0,2330.0,2226.0,55.0,49.0,0.0,0,False,False
岩手県,宮古市,03202,10781,21.4,False,False,373,5,2010,2019,6.099,6.595,1136.0,1111.0,2247.0,2187.0,1.0,59.0,0.0,0,False,False
三重県,伊勢市,24203,54923,44.7,False,False,168,11,2010,2023,0.556,0.646,1318.0,859.0,2177.0,2085.0,15.0,77.0,0.0,6,False,False
栃木県,栃木市,09203,60411,38.8,False,False,143,6,2011,2019,3.576,3.586,411.0,1619.0,2030.0,2030.0,0.0,0.0,0.0,0,False,False
宮城県,角田市,04208,5784,20.7,False,False,255,9,2010,2019,1.877,27.613,11.0,1667.0,1678.0,1677.0,0.0,1.0,0.0,5,False,False
秋田県,大仙市,05212,16795,21.7,False,False,386,12,2010,2023,4.114,48.488,570.0,933.0,1503.0,1.0,1350.0,152.0,0.0,0,False,False
宮城県,大崎市,04215,46935,36.9,False,False,256,8,2011,2022,10.209,114.697,254.0,988.0,1242.0,925.0,2.0,315.0,0.0,0,False,False
和歌山県,海南市,30202,14155,29.3,False,False,94,7,2012,2018,0.897,0.897,114.0,1098.0,1212.0,1077.0,0.0,135.0,0.0,0,False,False
佐賀県,小城市,41208,6881,15.7,False,False,48,8,2010,2021,1.965,11.627,461.0,706.0,1167.0,0.0,26.0,1141.0,0.0,0,False,False
栃木県,鹿沼市,09205,40233,42.8,False,False,143,6,2010,2019,10.149,13.816,296.0,838.0,1134.0,1069.0,0.0,65.0,0.0,0,False,False
鹿児島県,奄美市,46222,12662,30.6,False,False,96,4,2010,2015,0.114,2.12,322.0,805.0,1127.0,117.0,3.0,1007.0,0.0,0,False,False
鹿児島県,瀬戸内町,,0,0.0,False,False,140,5,2010,2023,0.168,0.433,194.0,851.0,1045.0,305.0,114.0,626.0,0.0,0,False,False
福岡県,飯塚市,40205,47677,37.7,False,False,55,7,2010,2023,1.57,2.978,535.0,454.0,989.0,728.0,232.0,29.0,0.0,0,False,False
和歌山県,有田市,30204,5833,22.0,False,False,75,11,2011,2023,2.336,3.136,213.0,768.0,981.0,968.0,0.0,13.0,0.0,6,False,False
新潟県,魚沼市,,0,0.0,False,False,190,5,2011,2023,0.569,1.114,174.0,763.0,937.0,21.0,156.0,760.0,0.0,7,False,False
徳島県,小松島市,36203,14694,40.6,False,False,167,7,2011,2018,0.089,0.09,201.0,728.0,929.0,801.0,0.0,128.0,0.0,0,False,False
秋田県,大館市,05204,24063,34.8,False,False,182,7,2010,2022,0.305,5.403,469.0,447.0,916.0,35.0,0.0,877.0,4.0,0,False,False
徳島県,阿南市,36204,5128,7.4,False,False,126,7,2011,2018,0.267,0.477,86.0,712.0,798.0,791.0,0.0,7.0,0.0,31,False,False
兵庫県,豊岡市,28209,16948,21.9,False,False,291,7,2011,2023,0.38,23.607,452.0,342.0,794.0,756.0,0.0,38.0,0.0,0,False,True
大分県,日田市,44204,27859,44.5,False,False,11,3,2012,2018,0.38,0.475,266.0,525.0,791.0,2.0,789.0,0.0,0.0,0,False,False
兵庫県,洲本市,28205,9846,23.9,False,False,272,8,2010,2018,0.27,0.27,76.0,678.0,754.0,701.0,3.0,50.0,0.0,0,False,True
大分県,佐伯市,44205,22447,33.6,False,False,165,10,2011,2022,0.787,1.994,191.0,536.0,727.0,600.0,0.0,127.0,0.0,42,False,False
石川県,小松市,17203,34682,32.6,False,False,60,5,2012,2022,0.126,0.126,205.0,519.0,724.0,1.0,101.0,622.0,0.0,0,False,False
岡山県,玉野市,33204,15918,28.1,False,False,62,4,2011,2017,5.738,7.533,371.0,353.0,724.0,724.0,0.0,0.0,0.0,0,False,False
宮城県,気仙沼市,04205,5790,9.5,False,False,41,5,2012,2019,0.784,0.784,344.0,339.0,683.0,131.0,483.0,69.0,0.0,2,False,False
大分県,臼杵市,44206,12844,35.5,False,False,25,2,2017,2018,0.664,1.096,108.0,553.0,661.0,661.0,0.0,0.0,0.0,0,False,False
京都府,綾部市,26203,12169,38.2,False,False,201,6,2011,2023,1.882,7.156,90.0,549.0,639.0,506.0,0.0,133.0,0.0,2,False,False
静岡県,浜松市浜北区,22136,41271,41.8,False,False,30,7,2010,2023,3.615,5.883,183.0,451.0,634.0,509.0,2.0,123.0,0.0,0,False,True
千葉県,茂原市,12210,32027,36.9,False,False,11,3,2013,2023,1.466,1.48,309.0,321.0,630.0,630.0,0.0,0.0,0.0,0,False,False
高知県,四万十市,39210,10240,31.3,False,False,82,5,2011,2021,1.724,1.925,458.0,157.0,615.0,436.0,103.0,76.0,0.0,0,False,False
秋田県,能代市,05202,17269,34.6,False,False,159,12,2010,2023,8.422,14.526,120.0,492.0,612.0,100.0,388.0,124.0,0.0,1,False,False
山口県,岩国市,35208,62196,48.2,False,False,68,4,2010,2022,2.849,2.853,65.0,542.0,607.0,544.0,63.0,0.0,0.0,0,False,False
福島県,いわき市,07204,143992,43.3,False,False,84,7,2010,2016,1.54,1.848,237.0,365.0,602.0,114.0,3.0,485.0,0.0,0,False,False
広島県,尾道市,34205,48121,36.7,False,False,49,4,2013,2021,0.074,0.475,252.0,332.0,584.0,377.0,207.0,0.0,0.0,0,False,False
大分県,津久見市,44207,6635,41.2,False,False,17,2,2016,2017,0.711,0.712,258.0,312.0,570.0,570.0,0.0,0.0,0.0,0,False,False
愛媛県,西条市,38206,25609,24.4,False,False,168,7,2011,2020,0.217,0.217,93.0,471.0,564.0,560.0,2.0,2.0,0.0,0,False,False
埼玉県,羽生市,11216,19453,36.8,False,False,43,7,2010,2019,0.295,0.295,40.0,504.0,544.0,538.0,0.0,6.0,0.0,0,False,False
長野県,飯山市,,0,0.0,False,False,31,4,2017,2021,0.634,7.136,120.0,410.0,530.0,528.0,1.0,1.0,0.0,0,False,False
徳島県,海陽町,,0,0.0,False,False,33,5,2011,2021,1.343,6.257,93.0,432.0,525.0,402.0,0.0,123.0,0.0,0,False,False
福岡県,みやま市,,0,0.0,False,False,72,5,2012,2021,3.988,24.494,32.0,486.0,518.0,1.0,292.0,225.0,0.0,0,False,False
高知県,宿毛市,,0,0.0,False,False,16,3,2014,2019,0.038,4.3,68.0,437.0,505.0,502.0,1.0,2.0,0.0,0,False,False
新潟県,南魚沼市,15226,5849,10.7,False,False,102,6,2011,2022,0.126,0.126,99.0,388.0,487.0,51.0,49.0,387.0,0.0,0,False,False
石川県,七尾市,17202,10006,19.9,False,False,171,10,2010,2023,0.033,7.98,58.0,419.0,477.0,26.0,33.0,418.0,0.0,5,False,False
兵庫県,多可町,,0,0.0,False,False,73,3,2010,2018,0.11,0.501,31.0,423.0,454.0,453.0,0.0,1.0,0.0,0,False,True
宮城県,松島町,04401,6592,49.5,False,False,82,7,2011,2022,2.232,6.462,180.0,272.0,452.0,267.0,0.0,185.0,0.0,0,False,False
和歌山県,紀の川市,,0,0.0,False,False,38,7,2011,2023,2.233,4.29,169.0,282.0,451.0,450.0,1.0,0.0,0.0,5,False,False
和歌山県,田辺市,30206,28986,41.5,False,False,50,5,2011,2017,0.203,0.328,153.0,294.0,447.0,336.0,9.0,102.0,0.0,0,False,False
新潟県,上越市,15222,87881,46.7,False,False,180,10,2011,2023,0.469,0.95,108.0,338.0,446.0,340.0,8.0,98.0,0.0,0,False,False
静岡県,袋井市,22216,18966,21.6,False,False,32,7,2012,2023,0.095,1.325,180.0,262.0,442.0,420.0,0.0,22.0,0.0,0,False,True
和歌山県,那智勝浦町,,0,0.0,False,False,8,2,2017,2018,0.087,0.087,18.0,420.0,438.0,438.0,0.0,0.0,0.0,0,False,False
岩手県,紫波町,,0,0.0,False,False,125,2,2013,2017,0.319,1.502,110.0,328.0,438.0,0.0,0.0,438.0,0.0,0,False,False
宮崎県,都城市,45202,69037,43.0,False,False,180,9,2010,2022,1.465,14.108,101.0,323.0,424.0,185.0,133.0,106.0,0.0,0,False,False
茨城県,境町,08546,7512,31.0,False,False,53,3,2014,2019,0.794,6.353,104.0,309.0,413.0,413.0,0.0,0.0,0.0,0,False,False
新潟県,村上市,15212,15291,26.6,False,False,82,5,2010,2022,0.695,21.531,78.0,317.0,395.0,0.0,9.0,386.0,0.0,0,False,False
熊本県,宇城市,43213,7965,14.0,False,False,46,5,2011,2020,2.097,2.28,84.0,309.0,393.0,20.0,371.0,2.0,0.0,2,False,False
滋賀県,甲賀市,25209,18388,20.8,False,False,48,2,2013,2014,0.142,0.968,159.0,234.0,393.0,392.0,0.0,1.0,0.0,1,False,False
福島県,伊達市,07213,10888,18.7,False,False,90,5,2010,2019,0.167,2.0,22.0,364.0,386.0,363.0,0.0,23.0,0.0,0,False,False
福岡県,嘉麻市,,0,0.0,False,False,44,3,2010,2018,0.346,0.346,111.0,274.0,385.0,49.0,336.0,0.0,0.0,0,False,False
京都府,宮津市,26205,5198,31.0,False,False,45,4,2013,2023,0.117,0.117,12.0,372.0,384.0,366.0,0.0,18.0,0.0,0,False,False
兵庫県,加西市,28220,9100,21.3,False,False,124,5,2011,2018,0.112,0.178,24.0,339.0,363.0,351.0,0.0,12.0,0.0,0,False,True
高知県,いの町,,0,0.0,False,False,56,3,2010,2019,1.545,1.545,173.0,187.0,360.0,357.0,0.0,3.0,0.0,0,False,False
岡山県,井原市,33207,5846,15.2,False,False,40,4,2010,2018,0.087,1.446,217.0,142.0,359.0,341.0,18.0,0.0,0.0,0,False,False
佐賀県,江北町,,0,0.0,False,False,21,3,2012,2021,16.627,23.251,14.0,345.0,359.0,0.0,4.0,355.0,0.0,0,False,False
兵庫県,西脇市,28213,14886,38.5,False,False,63,7,2010,2023,0.785,0.941,108.0,249.0,357.0,271.0,0.0,86.0,0.0,0,False,True
福岡県,うきは市,,0,0.0,False,False,53,6,2012,2023,0.236,0.304,98.0,257.0,355.0,2.0,266.0,87.0,0.0,0,False,False
岡山県,岡山市東区,33103,41305,44.4,False,False,67,6,2011,2018,2.02,2.204,60.0,294.0,354.0,340.0,12.0,2.0,0.0,0,False,False
宮城県,丸森町,,0,0.0,False,False,53,5,2011,2019,9.806,14.366,5.0,342.0,347.0,346.0,1.0,0.0,0.0,2,False,False
静岡県,磐田市,22211,74115,44.4,False,False,23,5,2014,2023,1.633,1.633,161.0,185.0,346.0,345.0,0.0,1.0,0.0,0,False,True
宮城県,登米市,04212,9968,13.1,False,False,119,6,2010,2022,0.664,0.664,36.0,307.0,343.0,162.0,13.0,168.0,0.0,9,False,False
徳島県,鳴門市,36202,19083,34.9,False,False,108,9,2011,2022,0.066,0.193,84.0,258.0,342.0,322.0,0.0,20.0,0.0,0,False,False
秋田県,鹿角市,,0,0.0,False,False,277,10,2010,2022,0.171,1.248,28.0,306.0,334.0,44.0,17.0,273.0,0.0,0,False,False
京都府,京丹後市,,0,0.0,False,False,127,10,2010,2023,0.119,2.916,45.0,285.0,330.0,251.0,9.0,70.0,0.0,0,False,False
秋田県,仙北市,,0,0.0,False,False,93,5,2010,2023,0.409,1.953,56.0,274.0,330.0,0.0,132.0,198.0,0.0,26,False,False
島根県,浜田市,32202,9474,17.4,False,False,96,2,2013,2017,0.055,0.055,61.0,265.0,326.0,0.0,3.0,323.0,0.0,0,False,False
岩手県,釜石市,03211,12730,39.7,False,False,22,6,2012,2019,0.263,0.263,139.0,182.0,321.0,234.0,0.0,87.0,0.0,3,False,False
宮城県,涌谷町,,0,0.0,False,False,34,9,2010,2022,0.145,1.903,58.0,255.0,313.0,295.0,0.0,18.0,0.0,11,False,False
高知県,日高村,,0,0.0,False,False,8,1,2014,2014,0.031,0.031,206.0,104.0,310.0,310.0,0.0,0.0,0.0,0,False,False
秋田県,五城目町,,0,0.0,False,False,43,4,2011,2023,0.293,0.647,60.0,240.0,300.0,25.0,183.0,92.0,0.0,0,False,False
広島県,東広島市,34212,67464,34.3,False,False,38,4,2010,2023,0.343,0.393,110.0,190.0,300.0,93.0,206.0,1.0,0.0,0,False,False
三重県,紀北町,,0,0.0,False,False,28,5,2011,2023,0.149,0.149,66.0,232.0,298.0,283.0,0.0,15.0,0.0,0,False,False
鹿児島県,龍郷町,,0,0.0,False,False,36,3,2010,2012,0.103,0.103,34.0,263.0,297.0,27.0,0.0,270.0,0.0,0,False,False
高知県,四万十町,,0,0.0,False,False,4,4,2012,2021,0.037,0.037,167.0,129.0,296.0,296.0,0.0,0.0,0.0,0,False,False
岩手県,一関市,03209,19247,17.2,False,False,48,9,2010,2023,0.66,4.812,224.0,71.0,295.0,19.0,251.0,25.0,0.0,0,False,False
長野県,諏訪市,20206,14381,29.5,False,False,40,4,2013,2021,0.052,0.052,6.0,286.0,292.0,0.0,0.0,292.0,0.0,0,False,False
秋田県,横手市,05203,11205,13.1,False,False,53,7,2010,2019,0.518,6.118,3.0,286.0,289.0,12.0,133.0,144.0,0.0,0,False,False
岐阜県,可児市,21214,33761,33.8,False,False,130,3,2010,2021,0.363,0.363,123.0,165.0,288.0,62.0,225.0,1.0,0.0,0,False,False
鳥取県,倉吉市,31203,14727,31.7,False,False,94,7,2011,2023,0.132,0.132,22.0,265.0,287.0,203.0,78.0,6.0,0.0,8,False,True
静岡県,浜松市天竜区,,0,0.0,False,False,44,5,2010,2023,0.517,1.155,98.0,187.0,285.0,283.0,2.0,0.0,0.0,3,False,True
秋田県,由利本荘市,05210,16115,21.6,False,False,242,12,2010,2023,0.79,10.545,56.0,228.0,284.0,0.0,251.0,33.0,0.0,2,False,False
愛媛県,松前町,38401,13243,44.7,False,False,20,5,2010,2020,0.072,0.072,45.0,238.0,283.0,228.0,53.0,2.0,0.0,0,False,False
山形県,鶴岡市,06203,57238,46.8,False,False,76,8,2010,2020,0.068,5.506,19.0,262.0,281.0,15.0,61.0,205.0,0.0,0,False,False
群馬県,太田市,10205,88753,39.8,False,False,40,7,2010,2019,0.635,1.454,101.0,178.0,279.0,258.0,1.0,20.0,0.0,0,False,False
青森県,五所川原市,02205,14552,28.3,False,False,183,7,2010,2022,1.131,6.126,84.0,195.0,279.0,82.0,3.0,194.0,0.0,0,False,False
福岡県,朝倉市,40228,12906,25.7,False,False,223,7,2010,2021,0.116,0.15,24.0,254.0,278.0,86.0,188.0,4.0,0.0,2,False,False
高知県,土佐市,39205,6197,24.1,False,False,85,5,2014,2023,1.696,10.165,38.0,236.0,274.0,264.0,0.0,10.0,0.0,0,False,False
佐賀県,大町町,,0,0.0,False,False,21,5,2010,2021,3.132,9.115,41.0,233.0,274.0,0.0,5.0,269.0,0.0,0,False,False
兵庫県,丹波市,,0,0.0,False,False,159,4,2011,2022,3.238,4.794,53.0,215.0,268.0,184.0,0.0,84.0,0.0,0,False,True
京都府,与謝野町,,0,0.0,False,False,29,7,2011,2023,0.148,0.151,27.0,238.0,265.0,209.0,0.0,56.0,0.0,0,False,False
静岡県,牧之原市,22226,9118,21.0,False,False,67,6,2011,2022,0.283,0.483,49.0,215.0,264.0,196.0,6.0,62.0,0.0,0,False,True
静岡県,菊川市,22224,11272,23.6,False,False,110,4,2016,2022,0.102,0.102,21.0,243.0,264.0,126.0,0.0,138.0,0.0,41,False,True
岡山県,真庭市,,0,0.0,False,False,87,5,2010,2018,0.244,0.244,64.0,198.0,262.0,146.0,1.0,115.0,0.0,0,False,False
福岡県,八女市,40210,7499,12.4,False,False,31,5,2012,2023,0.083,0.226,132.0,129.0,261.0,0.0,224.0,37.0,0.0,10,False,False
福岡県,直方市,40204,22458,40.0,False,False,29,4,2010,2023,0.299,0.898,62.0,196.0,258.0,62.0,185.0,11.0,0.0,0,False,False
長野県,上田市,20203,46284,30.0,False,False,101,12,2010,2023,0.078,0.078,62.0,195.0,257.0,71.0,7.0,179.0,0.0,0,False,False
愛知県,津島市,23208,29812,48.9,False,False,23,7,2010,2022,0.242,0.242,34.0,222.0,256.0,160.0,25.0,71.0,0.0,4,False,False
島根県,出雲市,32203,38443,22.3,False,False,260,7,2011,2023,0.095,0.494,35.0,215.0,250.0,3.0,242.0,5.0,0.0,1,False,False
山形県,白鷹町,,0,0.0,False,False,83,5,2013,2022,3.449,7.639,57.0,177.0,234.0,66.0,7.0,161.0,0.0,0,False,False
宮崎県,西都市,45208,6583,23.0,False,False,28,4,2016,2022,0.048,3.885,76.0,157.0,233.0,233.0,0.0,0.0,0.0,0,False,False
福岡県,柳川市,40207,9361,14.5,False,False,31,4,2010,2021,0.034,2.456,8.0,221.0,229.0,0.0,149.0,80.0,0.0,1,False,False
新潟県,関川村,,0,0.0,False,False,10,2,2014,2022,0.379,1.17,8.0,219.0,227.0,6.0,0.0,221.0,0.0,0,False,False
宮城県,山元町,,0,0.0,False,False,96,5,2014,2020,1.118,9.409,3.0,223.0,226.0,212.0,0.0,14.0,0.0,52,False,False
新潟県,十日町市,15210,15070,30.2,False,False,44,3,2010,2017,0.11,0.137,20.0,200.0,220.0,0.0,4.0,216.0,0.0,1,False,False
熊本県,甲佐町,,0,0.0,False,False,16,1,2016,2016,0.029,0.029,31.0,188.0,219.0,0.0,219.0,0.0,0.0,0,False,False
福岡県,田川市,40206,12014,26.0,False,False,13,3,2010,2018,0.019,0.099,3.0,216.0,219.0,5.0,214.0,0.0,0.0,0,False,False
鹿児島県,大和村,,0,0.0,False,False,28,2,2010,2012,0.023,0.023,30.0,186.0,216.0,83.0,1.0,132.0,0.0,0,False,False
栃木県,日光市,09206,7045,9.1,False,False,89,2,2015,2016,1.339,1.352,11.0,204.0,215.0,215.0,0.0,0.0,0.0,0,False,False
愛媛県,大洲市,38207,5078,12.5,False,False,231,8,2011,2023,1.185,9.912,43.0,169.0,212.0,211.0,0.0,1.0,0.0,0,True,False
山形県,川西町,,0,0.0,False,False,23,4,2013,2022,11.951,12.638,108.0,103.0,211.0,44.0,0.0,167.0,0.0,0,False,False
広島県,三次市,34209,8793,17.3,False,False,122,7,2010,2021,1.189,1.204,8.0,201.0,209.0,142.0,18.0,49.0,0.0,0,False,False
宮城県,栗原市,,0,0.0,False,False,158,4,2012,2019,0.08,30.253,40.0,168.0,208.0,151.0,53.0,4.0,0.0,0,False,False
山口県,周防大島町,,0,0.0,False,False,75,2,2019,2020,0.176,0.176,17.0,191.0,208.0,15.0,193.0,0.0,0.0,0,False,False
岐阜県,下呂市,,0,0.0,False,False,61,2,2020,2021,0.208,0.208,63.0,144.0,207.0,0.0,204.0,3.0,0.0,0,False,False
新潟県,五泉市,15218,20956,44.0,False,False,136,7,2010,2020,0.031,0.231,13.0,193.0,206.0,0.0,15.0,191.0,0.0,0,False,False
島根県,津和野町,,0,0.0,False,False,36,2,2010,2013,0.273,0.311,0.0,200.0,200.0,0.0,5.0,195.0,0.0,0,False,False
三重県,松阪市,24204,74258,46.6,False,False,14,5,2011,2017,0.182,0.462,88.0,112.0,200.0,200.0,0.0,0.0,0.0,3,False,False
福岡県,大川市,40212,7564,22.9,False,False,23,7,2010,2023,0.534,1.278,5.0,193.0,198.0,53.0,76.0,69.0,0.0,0,False,False
山形県,南陽市,06213,6308,20.7,False,False,148,10,2010,2022,0.388,11.71,54.0,135.0,189.0,29.0,74.0,86.0,0.0,0,False,False
和歌山県,白浜町,,0,0.0,False,False,14,2,2011,2014,0.02,0.02,109.0,78.0,187.0,187.0,0.0,0.0,0.0,0,False,False
岩手県,雫石町,,0,0.0,False,False,3,1,2013,2013,0.146,0.26,15.0,172.0,187.0,0.0,0.0,187.0,0.0,0,False,False
茨城県,北茨城市,,0,0.0,False,False,18,3,2014,2023,0.786,2.171,17.0,169.0,186.0,186.0,0.0,0.0,0.0,2,False,False
岡山県,総社市,33208,26147,37.9,False,False,28,4,2011,2018,1.154,1.203,42.0,137.0,179.0,142.0,20.0,17.0,0.0,0,False,False
新潟県,田上町,,0,0.0,False,False,51,4,2011,2021,0.079,0.185,142.0,37.0,179.0,0.0,19.0,160.0,0.0,0,False,False
滋賀県,高島市,,0,0.0,False,False,37,1,2013,2013,0.053,0.053,17.0,159.0,176.0,176.0,0.0,0.0,0.0,0,False,False
鹿児島県,霧島市,46218,49490,40.2,False,False,30,5,2010,2023,1.098,1.098,48.0,126.0,174.0,2.0,141.0,31.0,0.0,1,False,False
徳島県,吉野川市,36205,6134,15.8,False,False,39,7,2011,2018,0.47,6.268,12.0,161.0,173.0,154.0,0.0,19.0,0.0,0,False,False
和歌山県,かつらぎ町,,0,0.0,False,False,23,4,2011,2023,0.263,0.674,106.0,66.0,172.0,172.0,0.0,0.0,0.0,0,False,False
島根県,益田市,32204,10385,23.1,False,False,34,3,2013,2021,0.027,0.079,81.0,91.0,172.0,0.0,6.0,166.0,0.0,0,True,False
長崎県,対馬市,,0,0.0,False,False,54,5,2012,2023,0.037,0.037,44.0,128.0,172.0,126.0,1.0,45.0,0.0,0,False,False
愛媛県,八幡浜市,38204,10985,34.3,False,False,27,2,2017,2018,0.259,0.259,20.0,151.0,171.0,171.0,0.0,0.0,0.0,0,False,False
山形県,高畠町,,0,0.0,False,False,52,6,2010,2022,0.093,2.021,70.0,95.0,165.0,60.0,63.0,42.0,0.0,0,False,False
新潟県,小千谷市,15208,10476,30.7,False,False,64,3,2011,2019,0.204,0.243,30.0,135.0,165.0,18.0,113.0,34.0,0.0,0,False,False
三重県,伊賀市,24216,21409,24.1,False,False,19,4,2013,2016,0.05,0.05,3.0,155.0,158.0,140.0,0.0,18.0,0.0,0,False,False
宮崎県,高鍋町,45401,9653,48.5,False,False,37,4,2014,2022,0.027,1.558,21.0,136.0,157.0,78.0,79.0,0.0,0.0,0,False,False
岡山県,早島町,33423,5030,40.7,False,False,25,3,2011,2018,0.636,1.263,14.0,138.0,152.0,152.0,0.0,0.0,0.0,1,False,False
福井県,若狭町,,0,0.0,False,False,44,4,2011,2018,0.073,1.99,30.0,120.0,150.0,150.0,0.0,0.0,0.0,0,False,False
山形県,戸沢村,,0,0.0,False,False,11,4,2010,2020,0.251,5.188,18.0,132.0,150.0,0.0,6.0,144.0,0.0,0,False,False
新潟県,佐渡市,,0,0.0,False,False,69,6,2010,2020,0.065,0.094,40.0,110.0,150.0,43.0,45.0,62.0,0.0,0,False,False
兵庫県,篠山市,,0,0.0,False,False,54,5,2010,2018,0.017,0.017,38.0,112.0,150.0,138.0,0.0,12.0,0.0,0,False,True
奈良県,桜井市,29206,24857,45.3,False,False,67,9,2012,2023,0.028,0.028,3.0,147.0,150.0,41.0,8.0,101.0,0.0,0,False,False
長野県,千曲市,20218,20091,34.2,False,False,12,4,2010,2019,2.005,2.02,12.0,136.0,148.0,103.0,21.0,24.0,0.0,0,False,False
茨城県,高萩市,08214,7321,26.4,False,False,28,2,2011,2023,0.021,0.021,18.0,129.0,147.0,147.0,0.0,0.0,0.0,0,False,False
茨城県,石岡市,08205,26454,36.2,False,False,34,3,2010,2015,0.13,0.555,21.0,126.0,147.0,86.0,0.0,61.0,0.0,0,False,False
和歌山県,高野町,,0,0.0,False,False,10,3,2013,2023,0.034,0.048,38.0,109.0,147.0,147.0,0.0,0.0,0.0,0,False,False
和歌山県,御坊市,30205,5163,22.0,False,False,43,7,2011,2023,0.112,0.561,12.0,133.0,145.0,138.0,1.0,6.0,0.0,0,False,False
岐阜県,養老町,,0,0.0,False,False,3,2,2013,2017,0.036,0.105,0.0,144.0,144.0,144.0,0.0,0.0,0.0,0,False,False
山形県,中山町,,0,0.0,False,False,6,1,2020,2020,0.271,0.271,18.0,124.0,142.0,0.0,142.0,0.0,0.0,0,False,False
大分県,中津市,44203,25772,31.1,False,False,56,3,2017,2023,0.096,0.096,42.0,100.0,142.0,1.0,141.0,0.0,0.0,0,False,False
岡山県,矢掛町,,0,0.0,False,False,6,3,2012,2018,1.045,3.331,20.0,121.0,141.0,131.0,0.0,10.0,0.0,0,False,False
宮城県,白石市,04206,12004,36.6,False,False,1,1,2019,2019,0.621,0.621,0.0,139.0,139.0,139.0,0.0,0.0,0.0,0,False,False
和歌山県,湯浅町,30361,5127,46.1,False,False,20,6,2010,2016,0.079,0.159,9.0,130.0,139.0,138.0,1.0,0.0,0.0,3,False,False
徳島県,石井町,,0,0.0,False,False,20,3,2011,2016,0.024,0.064,21.0,117.0,138.0,138.0,0.0,0.0,0.0,1,False,False
広島県,大崎上島町,,0,0.0,False,False,22,4,2018,2021,0.093,0.15,43.0,94.0,137.0,125.0,0.0,12.0,0.0,0,False,False
秋田県,湯沢市,05207,9641,22.9,False,False,32,6,2010,2018,0.042,0.051,7.0,130.0,137.0,1.0,4.0,132.0,0.0,0,False,False
山形県,庄内町,,0,0.0,False,False,73,5,2010,2020,0.593,3.799,0.0,136.0,136.0,0.0,0.0,136.0,0.0,0,False,False
島根県,江津市,,0,0.0,False,False,49,7,2011,2021,0.526,2.042,13.0,119.0,132.0,19.0,1.0,112.0,0.0,4,False,False
愛媛県,砥部町,38402,5891,28.8,False,False,16,6,2011,2020,0.045,0.045,24.0,108.0,132.0,131.0,1.0,0.0,0.0,9,False,False
岡山県,和気町,,0,0.0,False,False,61,3,2012,2018,0.082,0.119,18.0,112.0,130.0,43.0,72.0,15.0,0.0,0,False,False
熊本県,あさぎり町,,0,0.0,False,False,4,2,2011,2020,0.081,1.026,99.0,31.0,130.0,0.0,130.0,0.0,0.0,1,False,False
秋田県,潟上市,,0,0.0,False,False,31,5,2013,2023,0.105,11.765,26.0,104.0,130.0,28.0,37.0,65.0,0.0,1,False,False
熊本県,八代市,43202,54592,44.4,False,False,11,2,2012,2013,0.104,0.144,5.0,125.0,130.0,89.0,30.0,11.0,0.0,0,False,False
愛知県,田原市,23231,11495,19.4,False,False,13,5,2011,2023,0.233,1.36,13.0,117.0,130.0,130.0,0.0,0.0,0.0,1,False,False
福岡県,小竹町,,0,0.0,False,False,11,3,2010,2021,0.538,2.248,24.0,104.0,128.0,40.0,74.0,14.0,0.0,4,False,False
石川県,白山市,17210,37796,34.2,False,False,26,4,2013,2022,0.038,0.038,10.0,117.0,127.0,2.0,0.0,125.0,0.0,0,False,False
福島県,南相馬市,07212,21054,35.7,False,False,59,2,2010,2019,0.156,0.156,33.0,92.0,125.0,108.0,0.0,17.0,0.0,56,False,False
愛媛県,松野町,,0,0.0,False,False,4,1,2018,2018,0.107,0.434,51.0,74.0,125.0,125.0,0.0,0.0,0.0,0,False,False
青森県,鶴田町,,0,0.0,False,False,41,3,2010,2022,0.19,4.973,72.0,51.0,123.0,16.0,0.0,107.0,0.0,0,False,False
広島県,江田島市,,0,0.0,False,False,26,2,2010,2018,0.134,0.134,34.0,89.0,123.0,66.0,57.0,0.0,0.0,0,False,False
山形県,長井市,06209,10538,39.7,False,False,95,6,2010,2020,0.036,0.077,15.0,108.0,123.0,49.0,49.0,25.0,0.0,0,False,False
愛媛県,鬼北町,,0,0.0,False,False,20,1,2018,2018,0.018,0.021,21.0,101.0,122.0,122.0,0.0,0.0,0.0,0,False,False
青森県,平川市,,0,0.0,False,False,43,3,2012,2022,0.02,0.863,12.0,110.0,122.0,119.0,0.0,3.0,0.0,11,False,False
岡山県,笠岡市,33205,9296,20.2,False,False,6,3,2012,2018,1.097,1.097,23.0,98.0,121.0,114.0,3.0,4.0,0.0,0,False,False
佐賀県,唐津市,41202,42044,35.8,False,False,38,8,2010,2023,0.011,0.068,16.0,103.0,119.0,5.0,54.0,60.0,0.0,0,False,False
静岡県,浜松市北区,22135,17938,19.4,False,False,23,8,2011,2023,2.14,5.147,43.0,76.0,119.0,110.0,9.0,0.0,0.0,2,False,True
岡山県,赤磐市,33213,13868,32.5,False,False,42,4,2012,2018,0.011,0.014,17.0,98.0,115.0,74.0,39.0,2.0,0.0,26,False,False
青森県,中泊町,,0,0.0,False,False,45,4,2010,2022,0.034,4.102,38.0,76.0,114.0,25.0,0.0,89.0,0.0,5,False,False
佐賀県,多久市,,0,0.0,False,False,28,7,2010,2021,0.492,5.961,17.0,97.0,114.0,0.0,23.0,91.0,0.0,0,False,False
岡山県,高梁市,33209,5703,19.6,False,False,15,3,2010,2018,0.197,0.197,60.0,53.0,113.0,97.0,12.0,4.0,0.0,0,False,False
奈良県,安堵町,,0,0.0,False,False,6,5,2012,2023,0.016,1.036,20.0,93.0,113.0,112.0,1.0,0.0,0.0,0,False,False
石川県,能美市,17211,8733,18.0,False,False,27,2,2013,2022,0.278,0.359,16.0,94.0,110.0,0.0,0.0,110.0,0.0,25,False,False
秋田県,北秋田市,,0,0.0,False,False,239,8,2010,2023,0.026,15.555,15.0,94.0,109.0,11.0,7.0,91.0,0.0,12,False,False
熊本県,水俣市,43205,10753,45.6,False,False,21,3,2010,2020,0.446,0.446,26.0,83.0,109.0,0.0,108.0,1.0,0.0,1,False,False
熊本県,芦北町,,0,0.0,False,False,52,6,2012,2020,0.031,0.031,15.0,92.0,107.0,0.0,61.0,46.0,0.0,0,False,False
山形県,村山市,06208,6958,30.9,False,False,24,6,2011,2020,0.145,3.454,79.0,27.0,106.0,0.0,103.0,3.0,0.0,0,False,False
岡山県,美作市,,0,0.0,False,False,8,3,2013,2022,0.067,0.067,47.0,58.0,105.0,100.0,0.0,5.0,0.0,0,False,False
新潟県,胎内市,,0,0.0,False,False,25,1,2022,2022,0.725,0.725,0.0,105.0,105.0,0.0,0.0,105.0,0.0,0,False,False
千葉県,山武市,,0,0.0,False,False,16,3,2010,2019,0.12,0.12,33.0,71.0,104.0,104.0,0.0,0.0,0.0,2,False,False
富山県,魚津市,16204,12074,29.8,False,False,20,3,2010,2021,0.023,0.023,4.0,99.0,103.0,0.0,3.0,100.0,0.0,0,True,False
島根県,安来市,32206,7056,19.0,False,False,66,4,2011,2021,0.054,8.648,5.0,97.0,102.0,4.0,73.0,25.0,0.0,0,False,False
岡山県,備前市,,0,0.0,False,False,11,3,2012,2018,0.001,0.001,11.0,90.0,101.0,98.0,3.0,0.0,0.0,0,False,False
鹿児島県,指宿市,46210,5479,14.0,False,False,36,4,2012,2020,0.126,0.127,3.0,95.0,98.0,72.0,26.0,0.0,0.0,1,False,False
兵庫県,西宮市,28204,454756,93.7,True,False,61,3,2013,2015,0.009,0.009,21.0,75.0,96.0,9.0,0.0,87.0,0.0,2,False,True
岩手県,花巻市,03205,18282,19.6,False,False,48,5,2010,2022,0.013,1.303,7.0,88.0,95.0,1.0,2.0,92.0,0.0,5,False,False
茨城県,つくば市,08220,92467,38.3,False,False,12,5,2011,2019,0.019,0.307,0.0,95.0,95.0,21.0,0.0,74.0,0.0,0,False,False
京都府,京都市中京区,26104,110488,100.0,True,False,24,4,2010,2015,0.009,0.009,55.0,40.0,95.0,42.0,0.0,53.0,0.0,0,False,False
岐阜県,郡上市,,0,0.0,False,False,75,3,2010,2018,0.014,0.027,7.0,87.0,94.0,80.0,7.0,7.0,0.0,0,False,False
兵庫県,尼崎市,28202,459593,100.0,True,False,53,1,2013,2013,0.009,0.009,42.0,52.0,94.0,0.0,0.0,94.0,0.0,0,False,True
長野県,下諏訪町,20361,15249,79.6,True,False,30,4,2012,2021,0.025,0.025,2.0,91.0,93.0,0.0,35.0,58.0,0.0,0,False,False
埼玉県,狭山市,11215,127285,85.6,True,False,22,6,2010,2022,0.031,0.031,22.0,71.0,93.0,80.0,0.0,13.0,0.0,11,False,False
宮城県,村田町,,0,0.0,False,False,10,3,2011,2019,0.012,0.845,28.0,64.0,92.0,92.0,0.0,0.0,0.0,2,False,False
大阪府,大阪市西成区,27122,106111,100.0,True,False,5,2,2012,2015,0.002,0.002,1.0,90.0,91.0,7.0,0.0,84.0,0.0,0,False,False
千葉県,柏市,12217,390336,91.5,True,False,34,5,2010,2014,0.028,0.028,34.0,57.0,91.0,52.0,0.0,39.0,0.0,0,False,False
佐賀県,鹿島市,41207,9582,34.4,False,False,56,4,2010,2022,0.027,8.025,3.0,87.0,90.0,0.0,66.0,24.0,0.0,0,False,False
愛知県,南知多町,,0,0.0,False,False,20,3,2012,2018,0.04,0.04,36.0,54.0,90.0,90.0,0.0,0.0,0.0,0,False,False
埼玉県,さいたま市南区,11108,191531,100.0,True,False,50,7,2013,2023,0.193,0.193,25.0,65.0,90.0,85.0,0.0,5.0,0.0,0,False,False
大阪府,大阪市西淀川区,27113,95864,100.0,True,False,1,1,2012,2012,0.005,0.005,4.0,86.0,90.0,0.0,0.0,90.0,0.0,0,False,False
山口県,宇部市,35202,88924,54.7,True,False,17,5,2010,2022,0.041,0.041,5.0,85.0,90.0,1.0,62.0,27.0,0.0,5,False,False
千葉県,大網白里市,12239,5142,10.7,False,False,9,2,2013,2019,0.671,0.671,27.0,63.0,90.0,90.0,0.0,0.0,0.0,0,False,False
北海道,室蘭市,01205,68514,83.2,True,False,13,1,2010,2010,0.148,0.148,46.0,43.0,89.0,0.0,0.0,89.0,0.0,0,True,False
富山県,射水市,16211,44146,48.7,False,False,34,6,2010,2018,0.012,0.426,1.0,88.0,89.0,0.0,7.0,82.0,0.0,0,False,False
兵庫県,太子町,28464,17356,51.8,True,False,56,3,2012,2017,0.03,0.031,3.0,86.0,89.0,89.0,0.0,0.0,0.0,0,False,True
新潟県,柏崎市,15205,35614,43.7,False,False,61,5,2010,2018,0.034,0.076,34.0,54.0,88.0,0.0,44.0,44.0,0.0,0,False,False
福岡県,大刀洗町,,0,0.0,False,False,116,6,2012,2021,0.0,25.177,20.0,67.0,87.0,51.0,28.0,8.0,0.0,0,False,False
東京都,中野区,13114,344880,100.0,True,False,100,11,2010,2023,0.015,0.015,59.0,28.0,87.0,6.0,1.0,80.0,0.0,3,False,True
千葉県,千葉市緑区,12105,105952,81.9,True,False,15,3,2013,2023,0.009,0.01,29.0,58.0,87.0,72.0,0.0,15.0,0.0,11,False,False
山形県,山形市,06201,184382,74.5,True,False,78,6,2010,2016,0.025,0.029,29.0,58.0,87.0,21.0,0.0,66.0,0.0,0,False,False
香川県,丸亀市,37202,37582,34.3,False,False,32,3,2016,2018,0.022,0.022,6.0,81.0,87.0,87.0,0.0,0.0,0.0,0,False,False
大阪府,大阪市都島区,27102,107904,100.0,True,False,1,1,2012,2012,0.12,0.12,1.0,85.0,86.0,0.0,0.0,86.0,0.0,0,False,False
静岡県,吉田町,22424,7530,26.0,False,False,16,2,2013,2022,0.283,0.292,25.0,61.0,86.0,8.0,0.0,78.0,0.0,0,False,True
福井県,南越前町,,0,0.0,False,False,27,1,2022,2022,0.017,0.265,20.0,66.0,86.0,0.0,0.0,86.0,0.0,0,False,False
大阪府,岸和田市,27202,174616,91.6,True,False,4,2,2010,2014,0.054,0.054,9.0,76.0,85.0,83.0,2.0,0.0,0.0,0,False,False
長野県,中野市,20211,11829,27.9,False,False,5,2,2017,2019,0.311,2.935,64.0,21.0,85.0,76.0,0.0,9.0,0.0,0,False,False
広島県,安芸高田市,,0,0.0,False,False,26,3,2010,2020,0.011,0.094,5.0,80.0,85.0,4.0,80.0,1.0,0.0,3,False,False
三重県,鳥羽市,,0,0.0,False,False,15,3,2015,2019,0.015,0.015,29.0,55.0,84.0,84.0,0.0,0.0,0.0,6,False,False
愛知県,稲沢市,23220,55108,40.8,False,False,27,5,2012,2021,0.13,0.138,1.0,83.0,84.0,83.0,0.0,1.0,0.0,0,False,False
宮崎県,門川町,45421,8830,50.8,True,False,6,4,2014,2022,1.171,2.068,30.0,54.0,84.0,79.0,5.0,0.0,0.0,1,False,False
千葉県,富津市,12226,5246,12.4,False,False,27,5,2011,2021,0.022,0.022,19.0,64.0,83.0,63.0,7.0,13.0,0.0,0,False,False
兵庫県,播磨町,28382,33172,98.7,True,False,11,4,2011,2014,0.076,0.076,13.0,70.0,83.0,50.0,10.0,23.0,0.0,0,False,True
徳島県,北島町,36402,13329,58.6,True,False,2,2,2011,2014,0.266,1.666,6.0,76.0,82.0,82.0,0.0,0.0,0.0,0,False,False
島根県,大田市,,0,0.0,False,False,38,3,2012,2016,0.009,0.009,12.0,69.0,81.0,0.0,20.0,61.0,0.0,0,False,False
兵庫県,小野市,28218,17014,35.8,False,False,49,6,2011,2018,0.137,0.346,19.0,62.0,81.0,73.0,3.0,5.0,0.0,0,False,True
栃木県,壬生町,09361,20016,50.7,True,False,17,4,2015,2019,0.045,0.213,12.0,69.0,81.0,81.0,0.0,0.0,0.0,0,False,False
栃木県,佐野市,09204,53645,46.2,False,False,31,2,2015,2019,0.042,0.043,1.0,79.0,80.0,80.0,0.0,0.0,0.0,29,False,False
岩手県,大槌町,,0,0.0,False,False,9,2,2016,2019,0.03,0.03,29.0,51.0,80.0,80.0,0.0,0.0,0.0,0,False,False
和歌山県,橋本市,,0,0.0,False,False,22,3,2013,2023,0.083,0.158,5.0,75.0,80.0,80.0,0.0,0.0,0.0,0,False,False
佐賀県,神埼市,41210,6851,22.1,False,False,35,5,2010,2021,0.028,17.098,9.0,70.0,79.0,0.0,18.0,61.0,0.0,0,False,False
山形県,酒田市,06204,58673,58.5,True,False,53,3,2010,2020,0.189,1.688,5.0,74.0,79.0,2.0,25.0,52.0,0.0,8,False,False
大阪府,大阪市住吉区,27120,153056,100.0,True,False,1,1,2012,2012,0.004,0.004,1.0,77.0,78.0,0.0,0.0,78.0,0.0,0,False,False
兵庫県,明石市,28203,289204,95.3,True,False,42,6,2010,2018,0.008,0.008,15.0,63.0,78.0,71.0,5.0,2.0,0.0,0,False,True
熊本県,天草市,43215,14164,18.7,False,False,8,4,2010,2015,0.011,0.011,10.0,68.0,78.0,21.0,57.0,0.0,0.0,0,False,False
福島県,田村市,,0,0.0,False,False,35,5,2010,2015,0.008,0.008,30.0,48.0,78.0,63.0,0.0,15.0,0.0,0,False,False
山形県,飯豊町,,0,0.0,False,False,84,4,2013,2022,0.029,1.229,1.0,76.0,77.0,0.0,8.0,69.0,0.0,76,False,False
埼玉県,蕨市,11223,74283,100.0,True,False,35,5,2011,2019,0.021,0.021,30.0,46.0,76.0,19.0,0.0,57.0,0.0,3,False,False
京都府,木津川市,26214,47046,60.4,True,False,35,3,2012,2017,0.095,1.462,28.0,48.0,76.0,59.0,0.0,17.0,0.0,0,False,False
山口県,下松市,35207,37015,66.2,True,False,16,4,2010,2023,0.016,0.016,6.0,70.0,76.0,62.0,14.0,0.0,0.0,2,True,False
高知県,須崎市,,0,0.0,False,False,30,2,2014,2015,0.024,0.024,18.0,57.0,75.0,35.0,0.0,40.0,0.0,1,False,False
兵庫県,南あわじ市,,0,0.0,False,False,35,4,2011,2015,0.008,5.247,2.0,73.0,75.0,75.0,0.0,0.0,0.0,0,False,True
鹿児島県,鹿屋市,46203,25656,25.3,False,False,2,2,2015,2019,0.013,0.013,5.0,70.0,75.0,0.0,72.0,3.0,0.0,0,False,False
鹿児島県,肝付町,,0,0.0,False,False,32,6,2011,2018,0.211,3.005,6.0,69.0,75.0,35.0,12.0,28.0,0.0,0,False,False
滋賀県,東近江市,25213,36791,32.6,False,False,2,2,2012,2013,0.037,0.037,17.0,57.0,74.0,18.0,0.0,56.0,0.0,0,False,False
滋賀県,大津市,25201,280334,81.3,True,False,15,3,2010,2013,0.012,0.096,3.0,71.0,74.0,73.0,0.0,1.0,0.0,0,False,False
埼玉県,さいたま市,11100,1243417,93.9,True,False,30,3,2010,2012,0.007,0.007,17.0,57.0,74.0,6.0,0.0,68.0,0.0,0,False,False
山形県,山辺町,06301,7235,52.7,True,False,4,2,2013,2020,0.15,0.16,26.0,48.0,74.0,0.0,74.0,0.0,0.0,0,False,False
大分県,竹田市,,0,0.0,False,False,15,1,2012,2012,0.095,0.122,38.0,35.0,73.0,0.0,73.0,0.0,0.0,0,False,False
愛知県,碧南市,23209,65484,90.4,True,False,48,5,2013,2022,0.012,0.089,11.0,62.0,73.0,3.0,0.0,70.0,0.0,0,False,False
神奈川県,横浜市,14100,3688620,97.7,True,False,40,3,2010,2012,0.011,0.011,22.0,51.0,73.0,2.0,0.0,71.0,0.0,0,False,True
愛知県,岩倉市,23228,42229,88.0,True,False,17,7,2013,2021,0.015,0.015,1.0,72.0,73.0,21.0,2.0,50.0,0.0,0,False,False
埼玉県,鳩ケ谷市,,0,0.0,False,False,6,1,2010,2010,0.036,0.036,2.0,70.0,72.0,0.0,0.0,72.0,0.0,0,False,False
大阪府,大阪市淀川区,27123,183444,100.0,True,False,3,1,2012,2012,0.004,0.004,7.0,65.0,72.0,3.0,0.0,69.0,0.0,0,False,False
熊本県,御船町,,0,0.0,False,False,1,1,2016,2016,0.094,0.094,56.0,15.0,71.0,0.0,71.0,0.0,0.0,0,False,False
山口県,山陽小野田市,35216,16100,26.7,False,False,12,6,2010,2023,0.209,0.425,28.0,43.0,71.0,5.0,66.0,0.0,0.0,2,False,False
埼玉県,入間市,11225,122530,84.1,True,False,19,5,2010,2019,0.054,0.055,21.0,50.0,71.0,48.0,0.0,23.0,0.0,5,False,False
三重県,志摩市,,0,0.0,False,False,16,3,2015,2019,0.052,0.052,15.0,56.0,71.0,57.0,0.0,14.0,0.0,1,False,False
福岡県,筑後市,40211,13268,27.2,False,False,25,5,2010,2023,0.028,0.09,5.0,66.0,71.0,0.0,25.0,46.0,0.0,2,False,False
北海道,北見市,01208,77537,67.2,True,False,34,5,2010,2016,0.056,2.237,0.0,70.0,70.0,0.0,0.0,70.0,0.0,1,False,False
三重県,名張市,24208,42957,56.2,True,False,19,8,2011,2023,0.009,0.011,0.0,70.0,70.0,70.0,0.0,0.0,0.0,1,False,False
神奈川県,綾瀬市,14218,73952,88.1,True,False,22,5,2010,2018,0.021,0.021,33.0,37.0,70.0,12.0,0.0,58.0,0.0,6,True,True
広島県,府中市,34208,18628,49.5,False,False,8,3,2018,2021,0.179,0.179,12.0,57.0,69.0,56.0,0.0,13.0,0.0,0,False,False
京都府,京都市北区,26101,110238,94.1,True,False,28,6,2010,2018,0.012,0.012,17.0,52.0,69.0,33.0,9.0,27.0,0.0,2,False,False
兵庫県,市川町,,0,0.0,False,False,40,4,2010,2013,0.012,0.058,6.0,63.0,69.0,16.0,0.0,53.0,0.0,0,False,True
岐阜県,恵那市,21210,5656,11.8,False,False,47,6,2010,2021,0.012,0.012,6.0,63.0,69.0,35.0,17.0,17.0,0.0,5,False,False
神奈川県,寒川町,14321,42867,88.6,True,False,19,5,2010,2021,0.605,0.791,13.0,56.0,69.0,68.0,0.0,1.0,0.0,6,False,True
山形県,大石田町,,0,0.0,False,False,34,5,2011,2022,0.439,1.77,23.0,46.0,69.0,3.0,60.0,6.0,0.0,0,False,False
北海道,日高町,,0,0.0,False,False,35,3,2010,2022,1.532,2.742,10.0,58.0,68.0,59.0,0.0,9.0,0.0,0,False,False
福岡県,鞍手町,,0,0.0,False,False,7,2,2018,2023,0.131,0.435,1.0,67.0,68.0,62.0,0.0,6.0,0.0,0,False,False
新潟県,阿賀野市,15223,11239,27.6,False,False,23,1,2011,2011,0.035,0.074,4.0,64.0,68.0,0.0,0.0,68.0,0.0,0,False,False
岩手県,野田村,,0,0.0,False,False,3,3,2011,2019,0.185,0.185,5.0,63.0,68.0,68.0,0.0,0.0,0.0,1,False,False
宮城県,女川町,,0,0.0,False,False,2,1,2019,2019,0.32,0.32,43.0,25.0,68.0,68.0,0.0,0.0,0.0,2,False,False
富山県,氷見市,16205,9803,22.3,False,False,22,8,2010,2022,0.037,0.046,2.0,65.0,67.0,15.0,13.0,39.0,0.0,0,False,False
秋田県,井川町,,0,0.0,False,False,28,4,2011,2023,0.008,0.172,9.0,58.0,67.0,0.0,34.0,33.0,0.0,0,False,False
北海道,函館市,01202,216044,86.1,True,False,8,2,2017,2022,0.025,0.025,14.0,53.0,67.0,0.0,0.0,67.0,0.0,0,False,False
埼玉県,所沢市,11208,305336,89.1,True,False,30,2,2010,2011,0.007,0.007,16.0,51.0,67.0,1.0,0.0,66.0,0.0,0,False,False
愛知県,名古屋市中区,23106,93100,100.0,True,False,11,2,2013,2019,0.573,0.573,23.0,44.0,67.0,2.0,0.0,65.0,0.0,0,False,False
千葉県,木更津市,12206,102312,75.2,True,False,69,1,2013,2013,0.025,0.025,33.0,34.0,67.0,67.0,0.0,0.0,0.0,0,False,False
福岡県,みやこ町,,0,0.0,False,False,28,2,2010,2012,0.007,0.433,5.0,62.0,67.0,0.0,67.0,0.0,0.0,0,False,False
神奈川県,大和市,14213,237810,99.4,True,False,59,7,2010,2018,0.009,0.009,27.0,40.0,67.0,2.0,0.0,65.0,0.0,0,False,True
宮崎県,日南市,45204,12282,24.2,False,False,54,6,2013,2022,0.051,0.925,17.0,49.0,66.0,46.0,0.0,20.0,0.0,0,False,False
熊本県,錦町,,0,0.0,False,False,3,1,2020,2020,0.082,0.852,2.0,64.0,66.0,0.0,66.0,0.0,0.0,0,False,False
秋田県,八郎潟町,,0,0.0,False,False,6,2,2013,2018,0.033,0.033,22.0,44.0,66.0,4.0,0.0,62.0,0.0,0,False,False
福島県,柳津町,,0,0.0,False,False,9,1,2011,2011,0.009,0.009,46.0,20.0,66.0,0.0,0.0,66.0,0.0,0,False,False
宮崎県,国富町,,0,0.0,False,False,11,3,2018,2023,0.01,0.041,11.0,54.0,65.0,65.0,0.0,0.0,0.0,0,False,False
茨城県,大子町,,0,0.0,False,False,4,2,2011,2013,0.001,0.001,1.0,64.0,65.0,65.0,0.0,0.0,0.0,0,False,False
千葉県,八千代市,12221,183397,91.9,True,False,21,5,2010,2014,0.013,0.013,21.0,44.0,65.0,32.0,0.0,33.0,0.0,0,False,False
東京都,新宿区,13104,349385,100.0,True,False,26,4,2010,2016,0.006,0.006,48.0,16.0,64.0,9.0,1.0,54.0,0.0,0,False,True
群馬県,玉村町,10464,5463,15.2,False,False,11,4,2010,2019,0.049,0.064,6.0,58.0,64.0,58.0,0.0,6.0,0.0,0,False,False
岐阜県,土岐市,21212,23040,41.6,False,False,25,3,2011,2017,0.01,0.01,18.0,46.0,64.0,64.0,0.0,0.0,0.0,0,False,False
東京都,台東区,13106,211444,100.0,True,False,10,4,2010,2014,0.003,0.003,7.0,56.0,63.0,1.0,0.0,62.0,0.0,0,False,True
三重県,明和町,,0,0.0,False,False,4,2,2015,2017,0.371,0.517,4.0,59.0,63.0,63.0,0.0,0.0,0.0,0,False,False
長崎県,長崎市,42201,290853,71.0,True,False,36,3,2014,2016,0.006,0.006,3.0,60.0,63.0,7.0,56.0,0.0,0.0,0,False,False
和歌山県,由良町,,0,0.0,False,False,17,4,2010,2023,0.009,0.015,4.0,59.0,63.0,55.0,4.0,4.0,0.0,0,False,False
香川県,高松市,37201,213549,51.1,True,False,20,6,2011,2022,0.008,0.008,14.0,48.0,62.0,62.0,0.0,0.0,0.0,0,False,False
福島県,白河市,07205,20631,34.7,False,False,24,1,2019,2019,0.01,0.01,15.0,47.0,62.0,46.0,0.0,16.0,0.0,0,False,False
大阪府,大阪市,27101,2752002,100.0,True,False,9,1,2010,2010,0.004,0.004,0.0,62.0,62.0,0.0,5.0,57.0,0.0,0,False,False
福岡県,大木町,,0,0.0,False,False,29,6,2010,2023,1.261,3.02,0.0,62.0,62.0,6.0,18.0,38.0,0.0,0,False,False
和歌山県,岩出市,,0,0.0,False,False,3,2,2011,2013,0.089,0.089,12.0,50.0,62.0,62.0,0.0,0.0,0.0,0,False,False
岩手県,普代村,,0,0.0,False,False,10,2,2016,2019,0.088,0.088,7.0,55.0,62.0,62.0,0.0,0.0,0.0,0,False,False
鳥取県,湯梨浜町,,0,0.0,False,False,24,3,2018,2023,0.061,0.115,6.0,55.0,61.0,1.0,60.0,0.0,0.0,0,False,True
茨城県,結城市,08207,22246,43.9,False,False,23,4,2011,2019,0.083,0.934,23.0,38.0,61.0,61.0,0.0,0.0,0.0,0,False,False
東京都,あきる野市,13228,63819,80.5,True,False,9,1,2019,2019,0.015,0.015,40.0,21.0,61.0,61.0,0.0,0.0,0.0,0,False,True
宮城県,大和町,04421,20905,72.6,True,False,21,5,2011,2022,0.136,7.052,42.0,19.0,61.0,59.0,0.0,2.0,0.0,0,False,False
愛知県,名古屋市千種区,23101,165245,100.0,True,False,22,5,2011,2020,0.113,0.113,17.0,43.0,60.0,11.0,0.0,49.0,0.0,0,False,False
埼玉県,加須市,11210,41347,37.1,False,False,16,6,2011,2023,0.004,0.004,7.0,53.0,60.0,47.0,1.0,12.0,0.0,1,False,False
埼玉県,上尾市,11219,207725,91.5,True,False,17,7,2013,2019,0.117,0.117,22.0,38.0,60.0,44.0,8.0,8.0,0.0,4,False,False
茨城県,下妻市,08210,5726,13.5,False,False,42,6,2011,2019,0.013,6.153,7.0,53.0,60.0,50.0,0.0,10.0,0.0,0,False,False
沖縄県,うるま市,47213,62071,49.5,False,False,21,5,2010,2023,0.018,0.031,46.0,14.0,60.0,37.0,15.0,8.0,0.0,9,False,False
山形県,米沢市,06202,43470,53.5,True,False,52,8,2010,2022,0.031,0.031,7.0,52.0,59.0,8.0,1.0,50.0,0.0,0,False,False
大阪府,大阪市浪速区,27111,75504,100.0,True,False,3,1,2012,2012,0.002,0.002,2.0,57.0,59.0,11.0,0.0,48.0,0.0,0,False,False
福井県,越前町,,0,0.0,False,False,22,2,2021,2023,0.056,0.056,7.0,51.0,58.0,0.0,27.0,31.0,0.0,0,False,False
岡山県,美咲町,,0,0.0,False,False,7,3,2012,2018,0.092,0.098,4.0,54.0,58.0,19.0,0.0,39.0,0.0,0,False,False
岐阜県,八百津町,,0,0.0,False,False,14,2,2010,2011,0.064,0.076,5.0,53.0,58.0,10.0,48.0,0.0,0.0,0,False,False
愛知県,豊山町,23342,14772,94.6,True,False,9,3,2011,2016,0.02,0.02,2.0,56.0,58.0,0.0,0.0,58.0,0.0,0,True,False
愛媛県,新居浜市,38205,84290,72.7,True,False,29,2,2013,2017,0.017,0.017,18.0,40.0,58.0,58.0,0.0,0.0,0.0,0,False,False
福島県,本宮市,,0,0.0,False,False,13,2,2016,2019,0.332,0.332,7.0,51.0,58.0,1.0,0.0,57.0,0.0,0,False,False
大分県,玖珠町,,0,0.0,False,False,10,3,2010,2015,0.003,0.013,32.0,26.0,58.0,0.0,57.0,1.0,0.0,0,False,False
佐賀県,嬉野市,,0,0.0,False,False,55,4,2010,2021,0.104,0.66,17.0,40.0,57.0,2.0,0.0,55.0,0.0,2,False,False
千葉県,千葉市若葉区,12104,117229,79.8,True,False,16,6,2012,2023,0.012,0.012,27.0,30.0,57.0,30.0,0.0,27.0,0.0,3,False,False
鹿児島県,さつま町,,0,0.0,False,False,5,1,2021,2021,0.012,0.012,9.0,48.0,57.0,0.0,57.0,0.0,0.0,0,False,False
茨城県,水戸市,08201,174150,64.3,True,False,35,7,2011,2023,0.021,0.384,22.0,34.0,56.0,28.0,6.0,22.0,0.0,6,False,False
兵庫県,赤穂市,28212,29076,63.4,True,False,10,2,2012,2017,0.02,0.02,1.0,55.0,56.0,7.0,49.0,0.0,0.0,5,False,True
石川県,かほく市,,0,0.0,False,False,9,1,2023,2023,0.022,0.022,2.0,54.0,56.0,0.0,56.0,0.0,0.0,5,False,False
神奈川県,横浜市戸塚区,14110,270765,95.5,True,False,9,3,2014,2019,0.004,0.004,34.0,22.0,56.0,48.0,0.0,8.0,0.0,1,False,True
静岡県,西伊豆町,,0,0.0,False,False,6,1,2013,2013,0.038,0.038,8.0,48.0,56.0,0.0,0.0,56.0,0.0,0,False,True
山形県,舟形町,,0,0.0,False,False,27,6,2013,2020,0.01,0.062,1.0,55.0,56.0,4.0,0.0,52.0,0.0,0,False,False
埼玉県,和光市,11229,83546,99.5,True,False,21,1,2014,2014,0.004,0.004,25.0,31.0,56.0,0.0,56.0,0.0,0.0,0,False,False
東京都,江東区,13108,524310,100.0,True,False,17,4,2010,2014,0.013,0.013,15.0,40.0,55.0,27.0,0.0,28.0,0.0,0,False,True
神奈川県,南足柄市,14217,31957,78.2,True,False,14,3,2010,2019,0.021,0.021,8.0,47.0,55.0,55.0,0.0,0.0,0.0,0,False,True
石川県,内灘町,17365,21422,80.6,True,False,5,2,2016,2023,0.157,0.282,8.0,47.0,55.0,0.0,53.0,2.0,0.0,0,False,False
愛知県,半田市,23205,104191,88.4,True,False,18,1,2013,2013,0.044,0.044,16.0,39.0,55.0,0.0,0.0,55.0,0.0,0,False,False
佐賀県,伊万里市,41205,12792,24.3,False,False,49,7,2010,2021,0.03,2.02,4.0,51.0,55.0,10.0,5.0,40.0,0.0,0,False,False
岡山県,津山市,33203,25202,25.2,False,False,22,6,2010,2023,0.01,0.01,15.0,40.0,55.0,38.0,3.0,14.0,0.0,0,False,False
兵庫県,福崎町,,0,0.0,False,False,28,2,2011,2012,0.011,0.011,0.0,55.0,55.0,55.0,0.0,0.0,0.0,0,False,True
福岡県,筑紫野市,40217,76653,74.2,True,False,14,4,2010,2023,0.011,0.011,41.0,14.0,55.0,3.0,26.0,26.0,0.0,0,False,False
福島県,二本松市,07210,9377,17.5,False,False,26,3,2010,2019,0.361,0.375,26.0,29.0,55.0,45.0,0.0,10.0,0.0,0,False,False
埼玉県,久喜市,11232,98566,65.5,True,False,28,4,2011,2019,0.007,0.01,12.0,42.0,54.0,51.0,0.0,3.0,0.0,0,False,False
佐賀県,鳥栖市,41203,50374,67.9,True,False,30,10,2012,2023,0.04,7.634,33.0,21.0,54.0,30.0,8.0,16.0,0.0,5,False,False
宮城県,利府町,04406,11721,33.3,False,False,12,2,2011,2019,0.108,0.108,34.0,20.0,54.0,54.0,0.0,0.0,0.0,2,False,False
広島県,竹原市,34203,6084,25.4,False,False,7,2,2010,2021,0.034,0.034,9.0,45.0,54.0,0.0,54.0,0.0,0.0,0,False,False
富山県,滑川市,16206,6736,20.8,False,False,11,4,2012,2022,0.025,0.025,6.0,48.0,54.0,0.0,0.0,54.0,0.0,0,False,False
千葉県,香取市,12236,8922,12.3,False,False,23,5,2010,2023,0.028,0.028,7.0,47.0,54.0,51.0,0.0,3.0,0.0,5,False,False
宮崎県,串間市,,0,0.0,False,False,18,5,2010,2020,0.045,0.045,4.0,50.0,54.0,31.0,14.0,9.0,0.0,0,False,False
兵庫県,川西市,28217,146514,96.1,True,False,18,2,2012,2014,0.005,0.007,4.0,50.0,54.0,13.0,0.0,41.0,0.0,0,False,True
長野県,松本市,20202,149054,61.8,True,False,37,3,2010,2013,0.008,0.008,5.0,49.0,54.0,7.0,0.0,47.0,0.0,0,False,False
兵庫県,相生市,28208,15591,55.0,True,False,1,1,2017,2017,0.002,0.002,5.0,49.0,54.0,54.0,0.0,0.0,0.0,0,False,True
愛知県,犬山市,23215,35638,48.8,False,False,10,2,2011,2017,0.002,0.002,7.0,46.0,53.0,0.0,0.0,53.0,0.0,0,False,False
茨城県,筑西市,08227,14061,14.0,False,False,75,6,2010,2019,0.005,8.213,9.0,44.0,53.0,34.0,0.0,19.0,0.0,0,False,False
鹿児島県,伊佐市,,0,0.0,False,False,26,2,2011,2021,0.011,3.351,31.0,22.0,53.0,0.0,53.0,0.0,0.0,0,False,False
大阪府,茨木市,27211,277984,96.6,True,False,11,1,2012,2012,0.018,0.018,26.0,27.0,53.0,0.0,0.0,53.0,0.0,0,False,False
徳島県,阿波市,,0,0.0,False,False,21,2,2011,2014,0.091,0.401,10.0,43.0,53.0,53.0,0.0,0.0,0.0,0,False,False
三重県,東員町,24324,11887,46.1,False,False,13,3,2011,2019,0.034,0.101,6.0,47.0,53.0,1.0,0.0,52.0,0.0,0,False,False
愛知県,あま市,23237,71101,82.6,True,False,4,2,2012,2013,0.006,0.006,1.0,52.0,53.0,24.0,0.0,29.0,0.0,0,False,False
大阪府,泉南市,27228,47818,79.6,True,False,13,2,2010,2014,0.033,0.033,6.0,47.0,53.0,16.0,37.0,0.0,0.0,0,False,False
北海道,清水町,,0,0.0,False,False,11,1,2016,2016,0.673,0.893,18.0,35.0,53.0,53.0,0.0,0.0,0.0,0,False,False
愛媛県,愛南町,,0,0.0,False,False,53,1,2011,2011,0.008,0.008,12.0,41.0,53.0,0.0,0.0,53.0,0.0,0,False,False
福岡県,春日市,40218,111022,100.0,True,False,16,1,2010,2010,0.019,0.019,7.0,45.0,52.0,0.0,52.0,0.0,0.0,0,False,False
神奈川県,横浜市金沢区,14108,197689,99.4,True,False,17,2,2015,2019,0.068,0.068,45.0,7.0,52.0,31.0,0.0,21.0,0.0,0,False,True
福島県,小野町,,0,0.0,False,False,12,3,2011,2019,0.054,0.055,8.0,44.0,52.0,52.0,0.0,0.0,0.0,0,False,False
三重県,玉城町,,0,0.0,False,False,10,1,2017,2017,0.039,0.039,17.0,35.0,52.0,52.0,0.0,0.0,0.0,0,False,False
岐阜県,瑞浪市,21208,13116,35.3,False,False,54,4,2011,2017,0.009,0.009,6.0,46.0,52.0,41.0,0.0,11.0,0.0,48,False,False
茨城県,坂東市,08228,8754,16.7,False,False,5,2,2015,2019,0.015,2.575,5.0,47.0,52.0,49.0,0.0,3.0,0.0,0,False,False
長崎県,諫早市,42204,62806,47.0,False,False,30,1,2011,2011,0.025,1.11,12.0,39.0,51.0,0.0,0.0,51.0,0.0,0,False,False
福岡県,広川町,,0,0.0,False,False,10,1,2012,2012,0.005,0.005,5.0,46.0,51.0,0.0,51.0,0.0,0.0,0,False,False
沖縄県,那覇市,47201,316580,99.7,True,False,15,4,2012,2023,0.001,0.001,26.0,25.0,51.0,40.0,0.0,11.0,0.0,0,False,False
千葉県,南房総市,,0,0.0,False,False,13,2,2018,2019,0.016,0.016,2.0,49.0,51.0,50.0,0.0,1.0,0.0,0,False,False
千葉県,成田市,12211,87148,65.6,True,False,30,2,2013,2021,0.008,0.008,16.0,35.0,51.0,50.0,1.0,0.0,0.0,1,False,False
岩手県,一戸町,,0,0.0,False,False,12,1,2013,2013,0.007,0.007,3.0,48.0,51.0,51.0,0.0,0.0,0.0,0,False,False
静岡県,掛川市,22213,32071,27.9,False,False,2,2,2014,2022,0.31,0.31,13.0,38.0,51.0,51.0,0.0,0.0,0.0,0,False,True
福岡県,苅田町,40621,26338,69.9,True,False,24,3,2010,2018,0.013,0.013,5.0,45.0,50.0,22.0,28.0,0.0,0.0,0,False,False
熊本県,玉名市,43206,12264,19.1,False,False,18,5,2010,2021,0.012,0.012,8.0,42.0,50.0,3.0,38.0,9.0,0.0,0,False,False
秋田県,男鹿市,,0,0.0,False,False,41,4,2011,2022,0.011,0.127,10.0,40.0,50.0,27.0,0.0,23.0,0.0,3,False,False
北海道,長万部町,,0,0.0,False,False,23,2,2012,2013,0.103,0.103,24.0,26.0,50.0,0.0,0.0,50.0,0.0,0,False,False
茨城県,日立市,08202,145634,83.5,True,False,7,2,2012,2013,0.022,0.022,7.0,43.0,50.0,0.0,0.0,50.0,0.0,1,False,False
広島県,三原市,34204,44685,49.3,False,False,23,2,2013,2021,0.007,0.007,16.0,34.0,50.0,0.0,50.0,0.0,0.0,0,False,False
大阪府,大阪市鶴見区,27124,112691,100.0,True,False,2,1,2012,2012,0.006,0.006,1.0,48.0,49.0,1.0,0.0,48.0,0.0,0,False,False
千葉県,流山市,12220,182632,91.4,True,False,5,3,2013,2017,0.007,0.007,1.0,48.0,49.0,46.0,3.0,0.0,0.0,2,False,False
三重県,尾鷲市,24209,8540,52.5,True,False,13,1,2011,2011,0.01,0.01,15.0,33.0,48.0,48.0,0.0,0.0,0.0,0,False,False
大分県,九重町,,0,0.0,False,False,13,1,2020,2020,0.01,0.01,0.0,48.0,48.0,0.0,48.0,0.0,0.0,0,False,False
大阪府,大阪市城東区,27118,169043,100.0,True,False,6,3,2012,2015,0.006,0.006,3.0,45.0,48.0,5.0,0.0,43.0,0.0,0,False,False
東京都,東村山市,13213,151743,100.0,True,False,47,5,2010,2023,0.001,0.001,7.0,41.0,48.0,38.0,9.0,1.0,0.0,1,False,True
新潟県,新発田市,15206,49405,52.0,True,False,16,3,2014,2022,0.019,0.019,3.0,45.0,48.0,1.0,7.0,40.0,0.0,0,False,False
香川県,さぬき市,37206,5612,11.9,False,False,14,1,2011,2011,0.066,0.066,6.0,41.0,47.0,47.0,0.0,0.0,0.0,0,False,False
千葉県,千葉市花見川区,12102,158033,89.2,True,False,16,5,2013,2023,0.012,0.012,15.0,32.0,47.0,34.0,3.0,10.0,0.0,1,False,False
千葉県,習志野市,12216,175993,99.9,True,False,11,3,2010,2013,0.004,0.004,34.0,13.0,47.0,31.0,0.0,16.0,0.0,0,False,False
埼玉県,行田市,11206,47256,60.1,True,False,17,4,2011,2019,0.032,0.032,7.0,40.0,47.0,47.0,0.0,0.0,0.0,0,False,False
沖縄県,沖縄市,47211,133572,93.6,True,False,27,7,2010,2020,0.011,0.011,32.0,15.0,47.0,29.0,3.0,15.0,0.0,0,False,False
神奈川県,横浜市磯子区,14107,163226,97.9,True,False,19,4,2013,2019,0.012,0.012,33.0,14.0,47.0,10.0,1.0,36.0,0.0,1,False,True
奈良県,三郷町,29343,22267,95.9,True,False,9,2,2014,2017,0.073,0.073,20.0,26.0,46.0,46.0,0.0,0.0,0.0,0,False,False
沖縄県,北中城村,,0,0.0,False,False,7,3,2013,2015,0.06,0.06,26.0,20.0,46.0,18.0,0.0,28.0,0.0,0,False,False
埼玉県,宮代町,11442,19334,56.7,True,False,3,3,2011,2019,0.009,0.039,6.0,39.0,45.0,44.0,0.0,1.0,0.0,0,False,False
福島県,喜多方市,07208,11112,24.8,False,False,15,2,2019,2022,0.006,0.008,5.0,40.0,45.0,1.0,0.0,44.0,0.0,0,False,False
兵庫県,養父市,,0,0.0,False,False,19,3,2017,2023,0.029,0.08,7.0,38.0,45.0,45.0,0.0,0.0,0.0,0,False,True
長野県,茅野市,20214,11835,21.0,False,False,7,5,2010,2018,0.057,0.057,25.0,20.0,45.0,39.0,5.0,1.0,0.0,0,False,False
石川県,加賀市,17206,12777,20.2,False,False,17,4,2010,2018,0.099,0.735,3.0,42.0,45.0,40.0,5.0,0.0,0.0,0,False,False
石川県,羽咋市,17207,5663,27.8,False,False,16,4,2014,2022,0.05,0.075,2.0,43.0,45.0,5.0,1.0,39.0,0.0,0,True,False
福岡県,糸田町,,0,0.0,False,False,2,2,2012,2018,0.006,0.006,0.0,45.0,45.0,1.0,44.0,0.0,0.0,0,False,False
石川県,金沢市,17201,399221,86.2,True,False,19,6,2011,2023,0.083,0.286,4.0,40.0,44.0,2.0,7.0,35.0,0.0,0,False,False
青森県,大鰐町,,0,0.0,False,False,24,2,2010,2013,0.007,0.041,9.0,35.0,44.0,38.0,0.0,6.0,0.0,0,False,False
香川県,宇多津町,37386,12423,66.4,True,False,4,2,2016,2017,0.084,0.084,0.0,44.0,44.0,44.0,0.0,0.0,0.0,0,True,False
栃木県,那須烏山市,,0,0.0,False,False,15,5,2011,2019,0.009,1.549,23.0,21.0,44.0,44.0,0.0,0.0,0.0,0,False,False
埼玉県,伊奈町,11301,37553,83.8,True,False,6,4,2013,2023,0.011,0.011,14.0,30.0,44.0,14.0,28.0,2.0,0.0,1,False,False
山形県,三川町,,0,0.0,False,False,32,5,2010,2020,0.017,3.222,25.0,19.0,44.0,0.0,2.0,42.0,0.0,0,False,False
鹿児島県,大崎町,,0,0.0,False,False,5,3,2010,2020,0.028,0.072,15.0,29.0,44.0,0.0,32.0,12.0,0.0,0,False,False
鹿児島県,日置市,46216,5176,11.0,False,False,30,4,2010,2020,0.011,0.011,2.0,41.0,43.0,0.0,41.0,2.0,0.0,0,False,False
愛知県,名古屋市昭和区,23107,107599,100.0,True,False,11,4,2011,2021,0.382,0.382,8.0,35.0,43.0,2.0,1.0,40.0,0.0,0,False,False
茨城県,笠間市,08216,5138,7.0,False,False,28,4,2012,2016,0.007,0.398,8.0,34.0,42.0,22.0,19.0,1.0,0.0,0,False,False
和歌山県,印南町,,0,0.0,False,False,4,3,2010,2023,0.081,0.081,1.0,41.0,42.0,39.0,0.0,3.0,0.0,0,False,False
徳島県,美波町,,0,0.0,False,False,6,4,2014,2021,0.004,0.004,6.0,36.0,42.0,38.0,0.0,4.0,0.0,3,False,False
沖縄県,石垣市,47207,32253,67.7,True,False,3,2,2014,2015,0.032,0.032,25.0,17.0,42.0,1.0,41.0,0.0,0.0,0,False,False
青森県,野辺地町,,0,0.0,False,False,10,2,2013,2016,0.004,0.018,11.0,30.0,41.0,41.0,0.0,0.0,0.0,0,False,False
島根県,美郷町,,0,0.0,False,False,19,4,2013,2021,0.047,0.213,11.0,30.0,41.0,29.0,1.0,11.0,0.0,0,False,False
兵庫県,たつの市,28229,13709,18.4,False,False,17,3,2012,2017,0.007,0.007,6.0,35.0,41.0,23.0,10.0,8.0,0.0,0,False,True
福島県,川俣町,,0,0.0,False,False,7,3,2010,2015,0.002,0.002,5.0,36.0,41.0,30.0,0.0,11.0,0.0,0,False,False
愛知県,扶桑町,23362,25932,76.0,True,False,29,6,2013,2022,0.048,0.048,0.0,41.0,41.0,6.0,1.0,34.0,0.0,16,False,False
愛知県,安城市,23212,129121,68.7,True,False,17,6,2011,2023,0.013,0.013,8.0,33.0,41.0,10.0,10.0,21.0,0.0,1,False,False
愛知県,東郷町,23302,28487,64.9,True,False,12,1,2012,2012,0.009,0.009,12.0,28.0,40.0,0.0,0.0,40.0,0.0,0,False,False
沖縄県,南城市,,0,0.0,False,False,4,1,2011,2011,0.272,0.272,19.0,21.0,40.0,0.0,0.0,40.0,0.0,0,False,False
埼玉県,東松山市,11212,45947,50.1,True,False,28,7,2012,2022,0.151,0.151,10.0,30.0,40.0,16.0,0.0,24.0,0.0,0,False,False
千葉県,長南町,,0,0.0,False,False,13,3,2013,2023,0.032,0.042,20.0,20.0,40.0,40.0,0.0,0.0,0.0,1,False,False
静岡県,三島市,22206,83728,77.7,True,False,17,4,2015,2023,0.024,0.024,7.0,33.0,40.0,27.0,11.0,2.0,0.0,1,False,True
北海道,稚内市,01214,26159,77.9,True,False,18,5,2011,2020,0.01,16.995,17.0,23.0,40.0,0.0,0.0,40.0,0.0,2,False,False
山形県,上山市,06207,15611,53.6,True,False,15,4,2010,2018,0.007,0.007,6.0,33.0,39.0,22.0,0.0,17.0,0.0,0,False,False
鹿児島県,屋久島町,,0,0.0,False,False,12,8,2010,2019,0.005,0.005,2.0,37.0,39.0,13.0,19.0,7.0,0.0,0,False,False
埼玉県,戸田市,11224,140878,100.0,True,False,25,5,2013,2018,0.012,0.012,6.0,33.0,39.0,32.0,6.0,1.0,0.0,0,False,False
北海道,小樽市,01203,92939,83.5,True,False,41,1,2010,2010,0.006,0.006,12.0,27.0,39.0,0.0,0.0,39.0,0.0,0,False,False
栃木県,那須町,,0,0.0,False,False,28,2,2011,2019,0.01,0.02,26.0,13.0,39.0,39.0,0.0,0.0,0.0,0,False,False
福岡県,築上町,,0,0.0,False,False,16,3,2012,2020,0.009,0.27,0.0,39.0,39.0,11.0,28.0,0.0,0.0,2,False,False
茨城県,つくばみらい市,08235,12778,25.6,False,False,17,2,2013,2023,0.539,0.662,2.0,37.0,39.0,39.0,0.0,0.0,0.0,0,False,False
岩手県,奥州市,03215,25043,22.2,False,False,28,1,2013,2013,0.004,0.004,2.0,37.0,39.0,0.0,39.0,0.0,0.0,0,False,False
奈良県,橿原市,29205,94037,77.8,True,False,27,2,2017,2023,0.004,0.004,0.0,39.0,39.0,11.0,0.0,28.0,0.0,0,False,False
静岡県,浜松市西区,22133,52682,48.7,False,False,13,4,2015,2023,5.256,5.838,17.0,22.0,39.0,23.0,0.0,16.0,0.0,0,False,True
山口県,美祢市,,0,0.0,False,False,6,2,2010,2015,0.049,0.049,11.0,28.0,39.0,9.0,30.0,0.0,0.0,0,False,False
福井県,越前市,18209,27985,34.7,False,False,14,2,2013,2022,0.062,0.062,1.0,38.0,39.0,0.0,0.0,39.0,0.0,12,False,False
岩手県,住田町,,0,0.0,False,False,17,3,2013,2016,0.006,0.006,2.0,36.0,38.0,3.0,34.0,1.0,0.0,0,False,False
埼玉県,さいたま市浦和区,11107,164780,100.0,True,False,25,6,2013,2020,0.088,0.088,11.0,27.0,38.0,17.0,0.0,21.0,0.0,0,False,False
茨城県,小美玉市,,0,0.0,False,False,81,6,2010,2023,0.01,3.304,16.0,22.0,38.0,21.0,0.0,17.0,0.0,1,False,False
鹿児島県,枕崎市,46204,8087,40.4,False,False,16,1,2016,2016,0.017,0.017,1.0,37.0,38.0,38.0,0.0,0.0,0.0,0,False,False
鹿児島県,宇検村,,0,0.0,False,False,6,2,2010,2012,0.028,0.028,11.0,27.0,38.0,29.0,0.0,9.0,0.0,0,False,False
京都府,京丹波町,,0,0.0,False,False,22,3,2011,2014,0.012,0.05,3.0,35.0,38.0,38.0,0.0,0.0,0.0,0,False,False
広島県,庄原市,,0,0.0,False,False,16,4,2010,2020,0.004,0.004,8.0,30.0,38.0,7.0,8.0,23.0,0.0,0,False,False
鹿児島県,南九州市,,0,0.0,False,False,12,1,2016,2016,0.018,0.018,4.0,34.0,38.0,38.0,0.0,0.0,0.0,0,False,False
千葉県,九十九里町,,0,0.0,False,False,5,4,2013,2023,0.408,0.428,12.0,25.0,37.0,35.0,2.0,0.0,0.0,2,False,False
福島県,鏡石町,,0,0.0,False,False,7,2,2010,2011,0.006,0.006,2.0,35.0,37.0,22.0,0.0,15.0,0.0,0,False,False
東京都,昭島市,13207,107357,94.2,True,False,15,5,2010,2017,0.002,0.002,2.0,35.0,37.0,16.0,1.0,20.0,0.0,0,False,True
群馬県,藤岡市,10209,17152,27.1,False,False,19,4,2011,2015,0.013,0.021,1.0,36.0,37.0,25.0,0.0,12.0,0.0,0,False,False
宮城県,美里町,,0,0.0,False,False,18,4,2011,2022,0.009,0.375,2.0,35.0,37.0,30.0,0.0,7.0,0.0,0,False,False
千葉県,いすみ市,,0,0.0,False,False,24,4,2011,2023,0.029,0.029,10.0,26.0,36.0,29.0,0.0,7.0,0.0,20,False,False
大阪府,羽曳野市,27222,98257,90.4,True,False,6,4,2010,2019,0.001,0.001,0.0,36.0,36.0,3.0,4.0,29.0,0.0,0,False,False
兵庫県,三田市,28219,81941,75.0,True,False,7,1,2014,2014,0.009,0.009,2.0,34.0,36.0,5.0,0.0,31.0,0.0,0,False,True
兵庫県,加東市,28228,5855,14.4,False,False,16,4,2010,2018,0.011,0.011,15.0,21.0,36.0,23.0,0.0,13.0,0.0,0,False,True
岐阜県,高山市,21203,34502,40.9,False,False,11,2,2014,2020,0.006,0.006,6.0,30.0,36.0,0.0,4.0,32.0,0.0,0,False,False
埼玉県,さいたま市西区,11101,71080,76.1,True,False,22,5,2013,2019,0.318,0.318,12.0,24.0,36.0,35.0,0.0,1.0,0.0,0,False,False
長野県,佐久市,20217,19098,19.4,False,False,5,2,2013,2014,0.061,0.061,0.0,35.0,35.0,33.0,2.0,0.0,0.0,0,False,False
北海道,旭川市,01204,306545,93.1,True,False,11,5,2010,2017,0.062,0.069,8.0,27.0,35.0,28.0,0.0,7.0,0.0,4,False,False
北海道,砂川市,01226,5033,30.5,False,False,11,2,2010,2016,0.098,0.107,3.0,32.0,35.0,27.0,0.0,8.0,0.0,0,False,False
栃木県,矢板市,09211,9948,31.9,False,False,19,2,2011,2019,0.015,0.015,7.0,27.0,34.0,34.0,0.0,0.0,0.0,17,False,False
新潟県,阿賀町,,0,0.0,False,False,15,5,2016,2022,0.062,0.093,3.0,31.0,34.0,28.0,5.0,1.0,0.0,1,False,False
新潟県,新潟市東区,15102,127886,95.1,True,False,15,2,2013,2022,0.184,0.184,18.0,16.0,34.0,0.0,1.0,33.0,0.0,14,False,False
茨城県,常陸大宮市,,0,0.0,False,False,6,3,2011,2019,0.065,0.396,14.0,20.0,34.0,34.0,0.0,0.0,0.0,0,False,False
大阪府,堺市堺区,27141,148682,100.0,True,False,6,1,2012,2012,0.003,0.003,1.0,33.0,34.0,32.0,0.0,2.0,0.0,0,False,False
兵庫県,朝来市,,0,0.0,False,False,2,1,2010,2010,0.022,0.022,0.0,34.0,34.0,0.0,0.0,34.0,0.0,0,False,True
愛媛県,今治市,38202,59586,39.3,False,False,34,7,2011,2023,0.005,0.005,0.0,34.0,34.0,13.0,7.0,14.0,0.0,0,False,False
鳥取県,三朝町,,0,0.0,False,False,15,3,2011,2023,0.005,0.006,9.0,24.0,33.0,10.0,23.0,0.0,0.0,0,False,True
福島県,会津若松市,07202,84370,71.9,True,False,19,6,2010,2023,0.004,0.004,9.0,24.0,33.0,9.0,1.0,23.0,0.0,0,False,False
神奈川県,川崎市,14130,1527291,99.3,True,False,8,2,2010,2011,0.029,0.029,22.0,11.0,33.0,0.0,0.0,33.0,0.0,0,False,True
山口県,長門市,,0,0.0,False,False,14,3,2010,2023,0.011,0.011,7.0,26.0,33.0,31.0,2.0,0.0,0.0,0,False,False
山口県,防府市,35206,74241,65.1,True,False,18,4,2010,2023,0.01,0.01,1.0,32.0,33.0,0.0,32.0,1.0,0.0,0,False,False
奈良県,斑鳩町,29344,24066,87.2,True,False,25,5,2010,2018,0.004,1.718,0.0,33.0,33.0,0.0,0.0,33.0,0.0,14,False,False
宮崎県,新富町,,0,0.0,False,False,10,4,2016,2023,0.105,1.117,12.0,21.0,33.0,33.0,0.0,0.0,0.0,6,False,False
奈良県,御所市,29208,8049,33.4,False,False,30,6,2010,2017,0.011,0.011,3.0,30.0,33.0,24.0,0.0,9.0,0.0,0,False,False
埼玉県,本庄市,11211,45115,57.4,True,False,5,2,2011,2022,0.011,0.019,4.0,29.0,33.0,29.0,0.0,4.0,0.0,1,False,False
大阪府,島本町,27301,30122,97.4,True,False,1,1,2012,2012,0.106,0.106,15.0,17.0,32.0,0.0,0.0,32.0,0.0,0,False,False
秋田県,にかほ市,,0,0.0,False,False,9,3,2010,2013,0.003,0.003,7.0,25.0,32.0,0.0,2.0,30.0,0.0,0,False,False
鳥取県,日南町,,0,0.0,False,False,35,5,2010,2018,0.016,0.068,6.0,26.0,32.0,6.0,25.0,1.0,0.0,0,False,True
大阪府,堺市,27140,788173,95.4,True,False,25,2,2010,2011,0.008,0.008,10.0,21.0,31.0,0.0,2.0,29.0,0.0,0,False,False
奈良県,河合町,29427,10032,58.9,True,False,6,2,2013,2017,0.027,0.929,6.0,25.0,31.0,31.0,0.0,0.0,0.0,0,False,False
徳島県,藍住町,36403,5347,15.2,False,False,8,2,2011,2014,0.005,0.005,0.0,31.0,31.0,31.0,0.0,0.0,0.0,0,False,False
岡山県,新見市,,0,0.0,False,False,14,3,2011,2013,0.004,0.004,0.0,31.0,31.0,5.0,20.0,6.0,0.0,0,False,False
和歌山県,日高町,,0,0.0,False,False,8,2,2011,2023,0.037,0.037,13.0,18.0,31.0,31.0,0.0,0.0,0.0,0,False,False
香川県,多度津町,37404,6890,30.7,False,False,8,3,2016,2021,0.05,0.05,1.0,30.0,31.0,28.0,3.0,0.0,0.0,0,False,False
福井県,勝山市,18206,9027,40.8,False,False,20,5,2011,2023,0.003,0.056,2.0,29.0,31.0,0.0,11.0,20.0,0.0,0,False,False
千葉県,富里市,12233,17754,35.7,False,False,2,2,2010,2013,0.003,0.003,1.0,29.0,30.0,30.0,0.0,0.0,0.0,0,False,False
北海道,厚沢部町,,0,0.0,False,False,64,2,2010,2013,0.006,1.295,28.0,2.0,30.0,0.0,0.0,30.0,0.0,0,False,False
京都府,京都市東山区,26105,35395,96.7,True,False,17,4,2010,2020,0.003,0.003,5.0,25.0,30.0,16.0,10.0,4.0,0.0,0,False,False
岩手県,葛巻町,,0,0.0,False,False,23,4,2010,2020,0.015,0.173,8.0,22.0,30.0,7.0,0.0,23.0,0.0,0,False,False
静岡県,下田市,,0,0.0,False,False,4,3,2017,2020,0.005,0.005,10.0,20.0,30.0,3.0,2.0,25.0,0.0,4,False,True
岡山県,浅口市,,0,0.0,False,False,9,4,2012,2018,0.186,0.648,0.0,30.0,30.0,26.0,3.0,1.0,0.0,0,False,False
青森県,十和田市,02206,26838,44.4,False,False,9,3,2010,2022,0.009,0.009,11.0,19.0,30.0,3.0,0.0,27.0,0.0,4,False,False
宮城県,岩沼市,04211,32931,74.7,True,False,27,4,2010,2019,0.008,4.035,7.0,23.0,30.0,27.0,0.0,3.0,0.0,25,False,False
愛知県,名古屋市南区,23112,134510,100.0,True,False,9,3,2012,2020,0.762,0.762,0.0,30.0,30.0,0.0,0.0,30.0,0.0,0,False,False
群馬県,大泉町,10524,36730,87.3,True,False,3,1,2019,2019,0.206,0.206,0.0,30.0,30.0,30.0,0.0,0.0,0.0,0,False,False
福井県,大野市,18205,12792,40.9,False,False,16,3,2017,2023,0.005,0.005,8.0,21.0,29.0,8.0,4.0,17.0,0.0,0,False,False
神奈川県,横浜市泉区,14116,137329,90.1,True,False,11,4,2014,2019,0.004,0.004,12.0,17.0,29.0,21.0,0.0,8.0,0.0,2,False,True
岩手県,遠野市,,0,0.0,False,False,24,4,2011,2015,0.004,0.004,1.0,28.0,29.0,8.0,7.0,14.0,0.0,0,False,False
愛知県,北名古屋市,23234,76046,88.0,True,False,5,5,2013,2020,0.001,0.001,5.0,24.0,29.0,8.0,1.0,20.0,0.0,0,False,False
北海道,古平町,,0,0.0,False,False,4,1,2010,2010,0.028,0.028,8.0,21.0,29.0,0.0,0.0,29.0,0.0,0,False,False
京都府,大山崎町,26303,15057,94.4,True,False,7,2,2012,2013,0.01,0.01,14.0,15.0,29.0,5.0,0.0,24.0,0.0,0,False,False
神奈川県,海老名市,14215,127325,93.3,True,False,17,3,2010,2014,0.003,0.003,11.0,18.0,29.0,7.0,0.0,22.0,0.0,0,False,True
神奈川県,厚木市,14212,194615,87.0,True,False,19,5,2010,2020,0.003,0.003,4.0,24.0,28.0,19.0,0.0,9.0,0.0,2,False,True
鳥取県,境港市,31204,15805,48.3,False,False,4,1,2021,2021,0.013,0.013,1.0,27.0,28.0,0.0,28.0,0.0,0.0,0,False,True
岡山県,瀬戸内市,,0,0.0,False,False,9,3,2011,2017,0.015,2.528,10.0,18.0,28.0,20.0,0.0,8.0,0.0,2,False,False
石川県,中能登町,,0,0.0,False,False,16,5,2013,2022,0.011,0.013,0.0,28.0,28.0,1.0,1.0,26.0,0.0,0,False,False
大阪府,大阪市中央区,27128,103726,100.0,True,False,3,2,2012,2015,0.005,0.005,0.0,28.0,28.0,2.0,0.0,26.0,0.0,0,False,False
岐阜県,白川町,,0,0.0,False,False,24,2,2011,2018,0.003,0.016,5.0,23.0,28.0,28.0,0.0,0.0,0.0,1,False,False
福島県,相馬市,07209,7568,21.7,False,False,11,3,2010,2017,0.006,0.006,1.0,27.0,28.0,19.0,0.0,9.0,0.0,3,False,False
奈良県,天理市,29204,26505,41.5,False,False,18,8,2010,2019,0.009,0.009,1.0,27.0,28.0,21.0,2.0,5.0,0.0,1,False,False
愛知県,常滑市,23216,40983,69.8,True,False,15,2,2012,2017,0.005,0.005,16.0,11.0,27.0,27.0,0.0,0.0,0.0,0,False,False
埼玉県,さいたま市見沼区,11104,152773,92.6,True,False,27,7,2013,2022,0.007,0.007,3.0,24.0,27.0,19.0,0.0,8.0,0.0,0,False,False
鹿児島県,伊仙町,,0,0.0,False,False,30,3,2012,2015,0.003,0.004,1.0,26.0,27.0,25.0,0.0,2.0,0.0,2,False,False
鹿児島県,東串良町,,0,0.0,False,False,9,5,2013,2023,0.099,0.099,2.0,25.0,27.0,22.0,5.0,0.0,0.0,0,False,False
北海道,神恵内村,,0,0.0,False,False,2,2,2010,2011,0.004,0.004,1.0,26.0,27.0,0.0,0.0,27.0,0.0,0,False,False
秋田県,三種町,,0,0.0,False,False,18,4,2016,2022,0.011,0.013,3.0,24.0,27.0,3.0,3.0,21.0,0.0,5,False,False
鹿児島県,曽於市,,0,0.0,False,False,8,5,2010,2023,0.01,0.01,4.0,23.0,27.0,7.0,20.0,0.0,0.0,0,False,False
北海道,石狩市,01235,44733,78.6,True,False,226,2,2010,2011,0.024,2.681,4.0,23.0,27.0,0.0,0.0,27.0,0.0,0,False,False
福岡県,福岡市,40130,1564151,97.0,True,False,7,1,2010,2010,0.007,0.007,1.0,26.0,27.0,0.0,27.0,0.0,0.0,0,True,False
岐阜県,羽島市,21209,24774,37.7,False,False,11,2,2013,2014,0.022,0.022,3.0,24.0,27.0,2.0,0.0,25.0,0.0,0,False,False
福岡県,添田町,,0,0.0,False,False,9,1,2012,2012,0.003,0.003,1.0,26.0,27.0,0.0,27.0,0.0,0.0,0,False,False
埼玉県,さいたま市緑区,11109,119495,93.1,True,False,24,5,2013,2023,0.163,0.163,8.0,19.0,27.0,17.0,0.0,10.0,0.0,0,False,False
青森県,深浦町,,0,0.0,False,False,8,3,2012,2014,0.008,0.146,11.0,15.0,26.0,24.0,0.0,2.0,0.0,0,False,False
熊本県,上天草市,,0,0.0,False,False,9,3,2010,2015,0.005,0.005,0.0,26.0,26.0,8.0,6.0,12.0,0.0,0,False,False
茨城県,茨城町,,0,0.0,False,False,25,5,2010,2019,0.016,0.149,2.0,24.0,26.0,24.0,0.0,2.0,0.0,2,False,False
福岡県,北九州市戸畑区,40105,57163,99.4,True,False,6,2,2013,2015,0.004,0.004,3.0,23.0,26.0,1.0,25.0,0.0,0.0,0,False,False
神奈川県,横浜市鶴見区,14101,297437,100.0,True,False,28,6,2013,2019,0.003,0.003,15.0,11.0,26.0,12.0,7.0,7.0,0.0,15,False,True
東京都,東大和市,13220,83156,99.1,True,False,9,3,2010,2019,0.003,0.003,10.0,16.0,26.0,24.0,0.0,2.0,0.0,0,False,True
愛知県,高浜市,23227,43672,94.7,True,False,7,1,2022,2022,0.003,0.003,0.0,26.0,26.0,0.0,0.0,26.0,0.0,0,False,False
香川県,三豊市,,0,0.0,False,False,5,4,2015,2018,0.004,0.004,0.0,26.0,26.0,25.0,0.0,1.0,0.0,0,False,False
大阪府,大阪市西区,27106,105862,100.0,True,False,1,1,2012,2012,0.004,0.004,0.0,26.0,26.0,0.0,0.0,26.0,0.0,0,False,False
神奈川県,三浦市,14210,22376,53.2,True,False,5,2,2013,2017,0.04,0.04,14.0,12.0,26.0,5.0,0.0,21.0,0.0,0,False,True
奈良県,大和郡山市,29203,63759,76.5,True,False,4,3,2010,2018,0.005,0.005,0.0,25.0,25.0,16.0,0.0,9.0,0.0,0,False,False
神奈川県,横浜市栄区,14115,114266,95.1,True,False,4,2,2014,2019,0.002,0.002,12.0,13.0,25.0,22.0,0.0,3.0,0.0,0,False,True
群馬県,吉岡町,,0,0.0,False,False,15,2,2010,2011,0.004,0.004,2.0,23.0,25.0,7.0,17.0,1.0,0.0,0,False,False
愛媛県,内子町,,0,0.0,False,False,17,2,2011,2018,0.016,0.038,10.0,15.0,25.0,25.0,0.0,0.0,0.0,0,False,False
北海道,標茶町,,0,0.0,False,False,2,1,2016,2016,0.004,0.004,0.0,25.0,25.0,25.0,0.0,0.0,0.0,0,False,False
長崎県,南島原市,,0,0.0,False,False,12,5,2010,2017,0.025,0.025,2.0,23.0,25.0,12.0,13.0,0.0,0.0,5,False,False
埼玉県,深谷市,11218,67067,47.5,False,False,24,4,2011,2019,0.009,0.15,0.0,25.0,25.0,22.0,0.0,3.0,0.0,2,False,False
大阪府,四條畷市,27229,52416,95.0,True,False,3,1,2012,2012,0.09,0.09,6.0,19.0,25.0,0.0,0.0,25.0,0.0,0,False,False
神奈川県,相模原市緑区,14151,121888,71.6,True,False,24,3,2016,2019,0.008,0.008,0.0,25.0,25.0,25.0,0.0,0.0,0.0,0,False,True
徳島県,松茂町,,0,0.0,False,False,8,4,2011,2015,0.01,0.01,5.0,20.0,25.0,22.0,0.0,3.0,0.0,0,False,False
熊本県,熊本市中央区,43101,186765,99.6,True,False,13,4,2012,2020,0.008,0.008,5.0,20.0,25.0,1.0,23.0,1.0,0.0,1,False,False
福岡県,大野城市,40219,100004,98.0,True,False,13,3,2010,2014,0.009,0.009,3.0,22.0,25.0,0.0,17.0,8.0,0.0,0,False,False
鹿児島県,湧水町,,0,0.0,False,False,5,2,2020,2021,0.179,0.179,11.0,14.0,25.0,0.0,25.0,0.0,0.0,0,False,False
三重県,熊野市,,0,0.0,False,False,10,1,2011,2011,0.006,0.012,3.0,22.0,25.0,25.0,0.0,0.0,0.0,0,False,False
鹿児島県,徳之島町,,0,0.0,False,False,5,2,2010,2015,0.013,0.013,1.0,24.0,25.0,24.0,0.0,1.0,0.0,0,False,False
滋賀県,近江八幡市,25204,36622,45.2,False,False,6,3,2013,2018,0.022,0.022,8.0,17.0,25.0,24.0,0.0,1.0,0.0,1,False,False
福岡県,北九州市八幡西区,40109,222807,89.1,True,False,5,3,2013,2017,0.003,0.003,11.0,13.0,24.0,2.0,22.0,0.0,0.0,0,False,False
大阪府,大阪市大正区,27108,62083,100.0,True,False,4,2,2012,2015,0.001,0.001,2.0,22.0,24.0,15.0,0.0,9.0,0.0,0,False,False
岩手県,大船渡市,,0,0.0,False,False,15,4,2010,2015,0.003,0.003,5.0,19.0,24.0,0.0,4.0,20.0,0.0,0,False,False
三重県,菰野町,24341,14437,35.6,False,False,7,1,2010,2010,0.005,0.005,2.0,22.0,24.0,0.0,0.0,24.0,0.0,0,False,False
愛知県,東海市,23222,103436,90.9,True,False,2,1,2019,2019,0.004,0.004,12.0,12.0,24.0,24.0,0.0,0.0,0.0,2,False,False
福島県,塙町,,0,0.0,False,False,1,1,2011,2011,0.002,0.002,0.0,24.0,24.0,24.0,0.0,0.0,0.0,0,False,False
愛知県,大口町,23361,13452,55.3,True,False,24,3,2011,2017,0.004,0.004,1.0,23.0,24.0,0.0,0.0,24.0,0.0,0,False,False
富山県,黒部市,,0,0.0,False,False,10,2,2010,2013,0.003,0.003,1.0,23.0,24.0,1.0,0.0,23.0,0.0,0,False,False
北海道,音更町,01631,35028,80.3,True,False,2,1,2016,2016,0.024,0.024,7.0,17.0,24.0,24.0,0.0,0.0,0.0,0,False,False
和歌山県,有田川町,,0,0.0,False,False,19,1,2023,2023,0.013,0.013,16.0,8.0,24.0,24.0,0.0,0.0,0.0,13,False,False
大阪府,能勢町,,0,0.0,False,False,4,1,2018,2018,0.002,0.002,14.0,10.0,24.0,24.0,0.0,0.0,0.0,0,False,False
北海道,帯広市,01207,151326,90.9,True,False,6,3,2011,2017,0.414,0.581,2.0,22.0,24.0,24.0,0.0,0.0,0.0,0,False,False
高知県,安芸市,,0,0.0,False,False,8,1,2012,2012,0.016,0.016,3.0,21.0,24.0,24.0,0.0,0.0,0.0,0,False,False
群馬県,下仁田町,,0,0.0,False,False,6,2,2010,2019,0.023,0.023,12.0,12.0,24.0,15.0,9.0,0.0,0.0,1,False,False
大阪府,田尻町,27362,7023,83.3,True,False,2,2,2014,2016,0.002,0.002,3.0,21.0,24.0,23.0,1.0,0.0,0.0,1,False,False
島根県,川本町,,0,0.0,False,False,28,6,2011,2021,0.07,0.178,14.0,10.0,24.0,16.0,3.0,5.0,0.0,0,False,False
北海道,上ノ国町,,0,0.0,False,False,6,2,2010,2017,0.008,0.008,0.0,24.0,24.0,22.0,0.0,2.0,0.0,0,False,False
大分県,日出町,,0,0.0,False,False,3,1,2012,2012,0.009,0.009,7.0,17.0,24.0,8.0,16.0,0.0,0.0,0,False,False
福岡県,東峰村,,0,0.0,False,False,4,1,2012,2012,0.003,0.003,0.0,23.0,23.0,0.0,23.0,0.0,0.0,0,False,False
鹿児島県,いちき串木野市,46219,11437,41.6,False,False,2,2,2020,2023,0.09,0.09,4.0,19.0,23.0,0.0,23.0,0.0,0.0,2,False,False
栃木県,茂木町,,0,0.0,False,False,12,4,2011,2017,0.002,0.002,5.0,18.0,23.0,21.0,0.0,2.0,0.0,1,False,False
千葉県,酒々井町,12322,12553,60.5,True,False,2,1,2013,2013,0.025,0.025,2.0,21.0,23.0,23.0,0.0,0.0,0.0,1,False,False
北海道,滝川市,01225,28615,72.5,True,False,10,2,2010,2016,0.002,0.002,4.0,19.0,23.0,0.0,0.0,23.0,0.0,0,False,False
福岡県,豊前市,,0,0.0,False,False,15,3,2012,2018,0.002,0.005,6.0,17.0,23.0,2.0,21.0,0.0,0.0,0,False,False
福岡県,糸島市,40230,53244,53.8,True,False,28,3,2010,2019,0.016,0.055,8.0,15.0,23.0,0.0,23.0,0.0,0.0,2,False,False
和歌山県,古座川町,,0,0.0,False,False,6,2,2017,2018,0.008,0.008,21.0,2.0,23.0,23.0,0.0,0.0,0.0,0,False,False
青森県,藤崎町,,0,0.0,False,False,28,4,2011,2014,0.003,1.005,0.0,23.0,23.0,23.0,0.0,0.0,0.0,0,False,False
石川県,津幡町,17361,21895,59.2,True,False,16,2,2013,2023,0.002,0.211,0.0,23.0,23.0,0.0,2.0,21.0,0.0,8,False,False
大阪府,大阪市福島区,27103,79328,100.0,True,False,1,1,2012,2012,0.002,0.002,2.0,21.0,23.0,0.0,0.0,23.0,0.0,0,False,False
滋賀県,彦根市,25202,67923,59.8,True,False,36,5,2013,2021,0.006,0.567,1.0,22.0,23.0,5.0,0.0,18.0,0.0,12,False,False
高知県,中土佐町,,0,0.0,False,False,2,2,2014,2017,0.001,0.001,0.0,23.0,23.0,23.0,0.0,0.0,0.0,0,False,False
栃木県,下野市,09216,34770,58.4,True,False,8,3,2011,2015,0.028,0.282,13.0,10.0,23.0,19.0,0.0,4.0,0.0,0,False,False
北海道,新ひだか町,01610,11042,51.3,True,False,22,4,2010,2018,0.011,0.012,1.0,21.0,22.0,0.0,0.0,22.0,0.0,17,False,False
秋田県,美郷町,,0,0.0,False,False,88,3,2017,2023,0.01,1.931,1.0,21.0,22.0,0.0,19.0,3.0,0.0,0,False,False
宮崎県,えびの市,,0,0.0,False,False,15,2,2010,2011,0.002,0.002,2.0,20.0,22.0,0.0,22.0,0.0,0.0,0,False,False
埼玉県,毛呂山町,11326,19040,53.8,True,False,3,3,2016,2022,0.008,0.008,6.0,16.0,22.0,1.0,0.0,21.0,0.0,0,False,False
福岡県,北九州市若松区,40103,67705,84.1,True,False,9,3,2011,2017,0.004,0.004,3.0,19.0,22.0,0.0,21.0,1.0,0.0,0,False,False
石川県,志賀町,,0,0.0,False,False,17,5,2010,2022,0.004,0.004,0.0,22.0,22.0,2.0,0.0,20.0,0.0,0,False,False
滋賀県,湖南市,25211,29212,53.7,True,False,11,1,2013,2013,0.005,0.005,7.0,15.0,22.0,22.0,0.0,0.0,0.0,0,False,False
埼玉県,熊谷市,11202,109547,56.4,True,False,13,4,2011,2019,0.004,0.004,9.0,13.0,22.0,20.0,0.0,2.0,0.0,1,False,False
埼玉県,さいたま市北区,11102,149033,99.9,True,False,17,6,2013,2023,0.02,0.02,2.0,20.0,22.0,21.0,0.0,1.0,0.0,0,False,False
三重県,度会町,,0,0.0,False,False,11,1,2011,2011,0.037,1.794,19.0,3.0,22.0,22.0,0.0,0.0,0.0,0,False,False
東京都,清瀬市,13221,73564,96.5,True,False,5,4,2016,2020,0.001,0.001,8.0,14.0,22.0,11.0,5.0,6.0,0.0,0,False,True
山形県,尾花沢市,,0,0.0,False,False,11,3,2010,2020,0.017,0.017,3.0,19.0,22.0,0.0,4.0,18.0,0.0,0,False,False
高知県,香南市,,0,0.0,False,False,10,3,2010,2018,0.11,0.11,6.0,16.0,22.0,20.0,0.0,2.0,0.0,0,False,False
山梨県,身延町,,0,0.0,False,False,14,1,2011,2011,0.005,0.005,5.0,17.0,22.0,22.0,0.0,0.0,0.0,0,False,True
鳥取県,南部町,,0,0.0,False,False,13,4,2011,2021,0.003,0.008,7.0,14.0,21.0,12.0,2.0,7.0,0.0,0,False,True
大阪府,大阪市阿倍野区,27119,110995,100.0,True,False,3,2,2012,2019,0.001,0.001,0.0,21.0,21.0,0.0,0.0,21.0,0.0,0,False,False
神奈川県,伊勢原市,14214,79937,78.6,True,False,11,2,2014,2016,0.005,0.005,3.0,18.0,21.0,21.0,0.0,0.0,0.0,0,False,True
北海道,せたな町,,0,0.0,False,False,41,5,2010,2017,0.005,2.629,1.0,20.0,21.0,0.0,0.0,21.0,0.0,0,False,False
宮城県,大郷町,,0,0.0,False,False,24,5,2011,2023,0.011,15.027,9.0,12.0,21.0,3.0,0.0,18.0,0.0,1,False,False
大阪府,堺市北区,27146,157863,98.8,True,False,5,1,2012,2012,0.002,0.002,0.0,21.0,21.0,19.0,0.0,2.0,0.0,0,False,False
鹿児島県,長島町,,0,0.0,False,False,4,1,2020,2020,0.023,0.023,3.0,18.0,21.0,0.0,21.0,0.0,0.0,1,False,False
宮城県,亘理町,04361,5267,15.9,False,False,31,1,2019,2019,0.018,0.055,7.0,14.0,21.0,21.0,0.0,0.0,0.0,0,False,False
愛知県,大府市,23223,70900,76.1,True,False,2,2,2013,2017,0.005,0.015,10.0,11.0,21.0,0.0,0.0,21.0,0.0,0,False,False
宮城県,東松島市,04214,20248,51.8,True,False,40,6,2011,2019,0.009,2.901,0.0,21.0,21.0,20.0,0.0,1.0,0.0,0,False,False
青森県,むつ市,02208,16759,31.0,False,False,19,3,2013,2016,0.006,0.006,2.0,19.0,21.0,14.0,0.0,7.0,0.0,0,False,False
山梨県,都留市,19204,8067,26.0,False,False,7,2,2017,2018,0.003,0.003,4.0,17.0,21.0,20.0,0.0,1.0,0.0,0,False,True
徳島県,美馬市,,0,0.0,False,False,14,3,2011,2018,0.317,0.386,9.0,12.0,21.0,21.0,0.0,0.0,0.0,0,False,False
鳥取県,米子市,31202,76322,51.8,True,False,13,4,2010,2018,0.004,0.006,3.0,18.0,21.0,7.0,0.0,14.0,0.0,0,False,True
千葉県,君津市,12225,48154,58.6,True,False,13,3,2013,2019,0.005,0.069,3.0,18.0,21.0,21.0,0.0,0.0,0.0,5,False,False
京都府,京田辺市,26211,61736,83.7,True,False,11,5,2011,2019,0.002,0.609,1.0,20.0,21.0,0.0,0.0,21.0,0.0,0,False,False
群馬県,渋川市,10208,12198,16.4,False,False,14,2,2010,2016,0.004,0.004,3.0,17.0,20.0,15.0,5.0,0.0,0.0,0,False,False
埼玉県,小川町,11343,5280,18.5,False,False,10,2,2015,2019,0.01,0.064,12.0,8.0,20.0,20.0,0.0,0.0,0.0,1,False,False
神奈川県,座間市,14216,124805,94.3,True,False,15,2,2010,2013,0.004,0.004,6.0,14.0,20.0,1.0,0.0,19.0,0.0,0,False,True
千葉県,四街道市,12228,70102,74.9,True,False,3,3,2010,2015,0.004,0.004,2.0,18.0,20.0,6.0,0.0,14.0,0.0,1,False,False
沖縄県,名護市,47209,32173,50.6,True,False,8,2,2014,2021,0.005,0.005,15.0,5.0,20.0,15.0,4.0,1.0,0.0,3,False,False
宮城県,大衡村,,0,0.0,False,False,3,2,2019,2022,0.029,1.551,4.0,16.0,20.0,18.0,0.0,2.0,0.0,0,False,False
三重県,亀山市,24210,6256,12.6,False,False,7,1,2012,2012,0.001,0.001,9.0,11.0,20.0,20.0,0.0,0.0,0.0,1,False,False
山形県,最上町,,0,0.0,False,False,13,2,2015,2018,0.004,0.004,3.0,17.0,20.0,8.0,0.0,12.0,0.0,0,False,False
群馬県,沼田市,10206,17006,37.5,False,False,7,7,2010,2022,0.017,0.105,2.0,18.0,20.0,1.0,10.0,9.0,0.0,0,False,False
愛媛県,伊予市,38210,14857,42.3,False,False,12,4,2011,2018,0.003,0.003,1.0,19.0,20.0,20.0,0.0,0.0,0.0,10,False,False
埼玉県,鶴ヶ島市,11241,58503,83.4,True,False,3,2,2019,2022,0.008,0.008,0.0,19.0,19.0,10.0,0.0,9.0,0.0,0,False,False
青森県,今別町,,0,0.0,False,False,16,2,2010,2022,0.003,0.033,1.0,18.0,19.0,0.0,0.0,19.0,0.0,0,False,False
埼玉県,飯能市,11209,55074,68.5,True,False,19,2,2016,2017,0.004,0.004,2.0,17.0,19.0,19.0,0.0,0.0,0.0,0,False,False
新潟県,妙高市,15217,7912,26.0,False,False,13,2,2017,2019,0.029,0.029,0.0,19.0,19.0,19.0,0.0,0.0,0.0,10,False,False
新潟県,刈羽村,,0,0.0,False,False,13,2,2010,2011,0.013,1.01,0.0,19.0,19.0,0.0,3.0,16.0,0.0,0,False,False
和歌山県,広川町,,0,0.0,False,False,13,1,2023,2023,0.007,0.009,8.0,11.0,19.0,19.0,0.0,0.0,0.0,1,False,False
愛知県,刈谷市,23210,125248,81.5,True,False,11,4,2013,2022,0.007,0.007,10.0,9.0,19.0,2.0,0.0,17.0,0.0,5,False,False
茨城県,常陸太田市,08212,8402,17.3,False,False,12,4,2011,2019,0.014,0.136,6.0,13.0,19.0,19.0,0.0,0.0,0.0,2,False,False
山口県,周南市,35215,85975,62.5,True,False,14,5,2013,2023,0.006,0.006,3.0,16.0,19.0,1.0,17.0,1.0,0.0,0,False,False
愛知県,豊明市,23229,58111,83.9,True,False,7,1,2013,2013,0.015,0.015,14.0,5.0,19.0,0.0,0.0,19.0,0.0,0,False,False
千葉県,神崎町,,0,0.0,False,False,9,1,2013,2013,0.004,0.004,1.0,18.0,19.0,19.0,0.0,0.0,0.0,0,False,False
北海道,浦河町,,0,0.0,False,False,10,1,2016,2016,0.009,0.018,6.0,12.0,18.0,0.0,0.0,18.0,0.0,0,False,False
千葉県,印西市,12231,67246,65.5,True,False,15,2,2013,2023,0.006,0.006,3.0,15.0,18.0,18.0,0.0,0.0,0.0,3,False,False
山形県,天童市,06210,39650,63.8,True,False,17,4,2015,2023,0.004,0.552,12.0,6.0,18.0,2.0,11.0,5.0,0.0,0,False,False
岩手県,久慈市,03207,7017,21.2,False,False,18,3,2021,2023,0.018,0.056,0.0,18.0,18.0,0.0,0.0,18.0,0.0,8,False,False
大分県,宇佐市,,0,0.0,False,False,5,2,2012,2023,0.001,0.001,1.0,17.0,18.0,0.0,18.0,0.0,0.0,1,False,False
北海道,八雲町,01346,6799,43.0,False,False,18,2,2010,2013,0.006,0.026,1.0,17.0,18.0,0.0,0.0,18.0,0.0,1,False,False
京都府,長岡京市,26209,79760,98.9,True,False,13,7,2013,2023,0.005,0.005,3.0,15.0,18.0,4.0,3.0,11.0,0.0,0,False,False
北海道,札幌市白石区,01104,208075,98.2,True,False,7,4,2012,2018,0.002,0.002,2.0,16.0,18.0,2.0,0.0,16.0,0.0,5,False,False
和歌山県,みなべ町,,0,0.0,False,False,10,1,2011,2011,0.003,0.003,2.0,16.0,18.0,18.0,0.0,0.0,0.0,0,False,False
群馬県,前橋市,10201,197520,59.5,True,False,15,2,2010,2011,0.005,0.005,1.0,16.0,17.0,12.0,3.0,2.0,0.0,0,True,False
東京都,西東京市,13229,207388,100.0,True,False,6,4,2010,2023,0.003,0.003,4.0,13.0,17.0,4.0,0.0,13.0,0.0,0,False,True
岩手県,八幡平市,,0,0.0,False,False,8,3,2010,2022,0.007,0.014,9.0,8.0,17.0,13.0,0.0,4.0,0.0,0,False,False
茨城県,土浦市,08203,84286,59.3,True,False,7,2,2014,2023,0.003,0.112,6.0,11.0,17.0,17.0,0.0,0.0,0.0,6,False,False
茨城県,那珂市,08226,8659,16.2,False,False,18,3,2011,2016,0.006,0.157,0.0,17.0,17.0,16.0,0.0,1.0,0.0,1,False,False
大阪府,柏原市,27221,62639,91.1,True,False,4,1,2017,2017,0.002,0.002,0.0,17.0,17.0,17.0,0.0,0.0,0.0,3,False,False
栃木県,真岡市,09209,27154,34.7,False,False,4,4,2011,2015,0.004,0.004,4.0,13.0,17.0,8.0,0.0,9.0,0.0,0,False,False
広島県,坂町,34309,9263,73.6,True,False,1,1,2021,2021,0.003,0.003,0.0,17.0,17.0,0.0,17.0,0.0,0.0,0,False,False
福井県,小浜市,18204,9850,34.0,False,False,15,3,2011,2018,0.047,3.2,1.0,16.0,17.0,17.0,0.0,0.0,0.0,0,True,False
北海道,歌志内市,,0,0.0,False,False,4,2,2011,2016,0.025,0.025,0.0,17.0,17.0,17.0,0.0,0.0,0.0,0,False,False
愛知県,豊橋市,23201,276142,74.3,True,False,8,4,2012,2023,0.002,4.98,3.0,14.0,17.0,17.0,0.0,0.0,0.0,3,False,False
北海道,鷹栖町,,0,0.0,False,False,3,2,2014,2018,0.011,0.055,8.0,9.0,17.0,17.0,0.0,0.0,0.0,0,False,False
大阪府,大阪市北区,27127,139376,100.0,True,False,3,1,2012,2012,0.002,0.002,0.0,17.0,17.0,1.0,0.0,16.0,0.0,0,False,False
福井県,おおい町,,0,0.0,False,False,6,3,2011,2017,0.003,0.003,0.0,17.0,17.0,17.0,0.0,0.0,0.0,0,False,False
兵庫県,上郡町,,0,0.0,False,False,9,2,2013,2018,0.001,0.001,16.0,1.0,17.0,2.0,0.0,15.0,0.0,1,False,True
大阪府,大阪市生野区,27116,127309,100.0,True,False,7,2,2012,2019,0.001,0.001,0.0,17.0,17.0,7.0,0.0,10.0,0.0,0,False,False
山形県,小国町,,0,0.0,False,False,11,1,2011,2011,0.003,0.003,3.0,13.0,16.0,0.0,14.0,2.0,0.0,0,False,False
山形県,大蔵村,,0,0.0,False,False,25,4,2013,2020,0.003,1.388,0.0,16.0,16.0,0.0,16.0,0.0,0.0,1,False,False
埼玉県,桶川市,11231,62005,83.0,True,False,8,4,2011,2017,0.011,0.011,2.0,14.0,16.0,8.0,0.0,8.0,0.0,0,False,False
大阪府,大阪狭山市,27231,49712,85.1,True,False,1,1,2019,2019,0.005,0.005,2.0,14.0,16.0,0.0,0.0,16.0,0.0,0,False,False
神奈川県,横浜市港北区,14109,353387,98.6,True,False,10,5,2013,2019,0.001,0.001,10.0,6.0,16.0,11.0,2.0,3.0,0.0,2,False,True
愛媛県,東温市,38215,11222,33.1,False,False,18,3,2010,2017,0.002,0.005,0.0,16.0,16.0,7.0,9.0,0.0,0.0,0,False,False
福井県,高浜町,,0,0.0,False,False,14,2,2011,2013,0.006,0.006,4.0,12.0,16.0,16.0,0.0,0.0,0.0,0,False,False
島根県,吉賀町,,0,0.0,False,False,6,2,2013,2022,0.005,0.005,0.0,16.0,16.0,6.0,0.0,10.0,0.0,0,False,False
佐賀県,みやき町,,0,0.0,False,False,9,3,2010,2018,0.004,11.917,0.0,16.0,16.0,16.0,0.0,0.0,0.0,1,False,False
新潟県,新潟市中央区,15103,179149,99.3,True,False,14,3,2013,2022,0.024,0.024,3.0,13.0,16.0,1.0,9.0,6.0,0.0,4,False,False
香川県,善通寺市,37204,8615,27.2,False,False,10,4,2016,2022,0.005,0.005,1.0,15.0,16.0,16.0,0.0,0.0,0.0,0,False,False
沖縄県,今帰仁村,,0,0.0,False,False,5,3,2012,2021,0.002,0.002,8.0,8.0,16.0,15.0,1.0,0.0,0.0,0,False,False
高知県,大月町,,0,0.0,False,False,4,2,2011,2012,0.008,0.008,1.0,15.0,16.0,2.0,0.0,14.0,0.0,0,False,False
和歌山県,上富田町,,0,0.0,False,False,3,1,2011,2011,0.002,0.002,0.0,16.0,16.0,16.0,0.0,0.0,0.0,0,False,False
茨城県,稲敷市,,0,0.0,False,False,4,3,2010,2023,0.03,0.03,2.0,14.0,16.0,13.0,1.0,2.0,0.0,2,False,False
愛知県,蟹江町,23425,29080,77.9,True,False,4,3,2012,2015,0.002,0.002,0.0,16.0,16.0,6.0,0.0,10.0,0.0,0,False,False
新潟県,出雲崎町,,0,0.0,False,False,12,3,2011,2017,0.002,0.007,1.0,15.0,16.0,0.0,16.0,0.0,0.0,0,False,False
愛媛県,西予市,,0,0.0,False,False,6,3,2011,2023,0.012,0.012,5.0,10.0,15.0,11.0,4.0,0.0,0.0,0,False,False
千葉県,白子町,,0,0.0,False,False,4,1,2013,2013,0.004,0.005,0.0,15.0,15.0,15.0,0.0,0.0,0.0,0,False,False
大阪府,高石市,27225,55635,100.0,True,False,10,1,2022,2022,0.002,0.002,4.0,11.0,15.0,15.0,0.0,0.0,0.0,10,False,False
東京都,足立区,13121,695043,100.0,True,False,5,1,2011,2011,0.003,0.003,1.0,14.0,15.0,0.0,0.0,15.0,0.0,0,False,True
秋田県,上小阿仁村,,0,0.0,False,False,8,5,2010,2022,0.005,0.079,7.0,8.0,15.0,6.0,0.0,9.0,0.0,0,False,False
北海道,斜里町,,0,0.0,False,False,117,7,2010,2016,0.001,7.492,1.0,14.0,15.0,3.0,0.0,12.0,0.0,0,False,False
茨城県,神栖市,08232,25866,27.1,False,False,13,3,2011,2017,0.003,0.012,3.0,12.0,15.0,15.0,0.0,0.0,0.0,1,False,False
北海道,天塩町,,0,0.0,False,False,12,1,2010,2010,0.004,13.418,10.0,5.0,15.0,0.0,0.0,15.0,0.0,0,False,False
茨城県,八千代町,,0,0.0,False,False,27,5,2014,2019,0.005,6.186,4.0,11.0,15.0,15.0,0.0,0.0,0.0,0,False,False
神奈川県,相模原市,14150,665841,91.8,True,False,12,2,2010,2011,0.001,0.001,4.0,11.0,15.0,0.0,0.0,15.0,0.0,0,False,True
三重県,紀宝町,,0,0.0,False,False,4,3,2011,2020,0.001,0.001,7.0,8.0,15.0,14.0,0.0,1.0,0.0,0,False,False
奈良県,広陵町,29426,21487,63.6,True,False,2,2,2017,2023,0.108,0.612,6.0,9.0,15.0,15.0,0.0,0.0,0.0,0,False,False
岩手県,西和賀町,,0,0.0,False,False,11,3,2015,2023,0.005,0.006,0.0,14.0,14.0,0.0,2.0,12.0,0.0,0,False,False
青森県,鰺ヶ沢町,,0,0.0,False,False,2,2,2013,2015,0.003,0.003,2.0,12.0,14.0,2.0,0.0,12.0,0.0,0,False,False
長野県,小海町,,0,0.0,False,False,2,1,2019,2019,0.003,0.003,4.0,10.0,14.0,14.0,0.0,0.0,0.0,0,False,False
広島県,広島市西区,34104,178803,94.0,True,False,3,2,2014,2021,0.035,0.035,0.0,14.0,14.0,0.0,0.0,14.0,0.0,0,True,False
三重県,いなべ市,,0,0.0,False,False,7,2,2011,2019,0.002,0.002,0.0,14.0,14.0,2.0,0.0,12.0,0.0,0,False,False
埼玉県,長瀞町,,0,0.0,False,False,5,1,2019,2019,0.002,0.002,0.0,14.0,14.0,14.0,0.0,0.0,0.0,5,False,False
静岡県,御殿場市,22215,39305,45.4,False,False,4,3,2010,2021,0.002,0.002,8.0,6.0,14.0,10.0,3.0,1.0,0.0,0,False,True
北海道,三笠市,,0,0.0,False,False,11,2,2010,2012,0.015,0.322,3.0,11.0,14.0,0.0,0.0,14.0,0.0,0,False,False
北海道,北斗市,01236,28056,63.3,True,False,17,2,2010,2013,0.002,0.007,2.0,12.0,14.0,0.0,0.0,14.0,0.0,0,False,False
愛知県,幸田町,23501,22325,52.6,True,False,11,5,2012,2023,0.007,0.007,5.0,9.0,14.0,12.0,0.0,2.0,0.0,0,False,False
茨城県,古河市,08204,58854,42.2,False,False,15,1,2015,2015,0.004,0.004,3.0,11.0,14.0,14.0,0.0,0.0,0.0,0,False,False
宮城県,七ヶ宿町,,0,0.0,False,False,9,2,2014,2016,0.001,0.001,1.0,13.0,14.0,14.0,0.0,0.0,0.0,0,False,False
福岡県,宮若市,,0,0.0,False,False,7,2,2010,2018,0.078,0.16,2.0,12.0,14.0,9.0,5.0,0.0,0.0,0,False,False
山形県,真室川町,,0,0.0,False,False,6,1,2010,2010,0.0,0.0,9.0,4.0,13.0,0.0,0.0,13.0,0.0,0,False,False
静岡県,清水町,22341,28665,90.4,True,False,4,1,2019,2019,0.052,0.072,8.0,5.0,13.0,13.0,0.0,0.0,0.0,1,False,True
北海道,幌加内町,,0,0.0,False,False,33,3,2010,2023,0.001,3.973,11.0,2.0,13.0,11.0,0.0,2.0,0.0,0,False,False
山形県,河北町,06321,6187,35.1,False,False,12,2,2018,2022,0.002,0.005,6.0,7.0,13.0,0.0,0.0,13.0,0.0,0,False,False
鹿児島県,南さつま市,,0,0.0,False,False,4,1,2016,2016,0.005,0.005,0.0,13.0,13.0,13.0,0.0,0.0,0.0,0,False,False
奈良県,下市町,,0,0.0,False,False,5,1,2023,2023,0.001,0.001,0.0,13.0,13.0,13.0,0.0,0.0,0.0,0,False,False
山形県,寒河江市,06206,22118,55.0,True,False,6,3,2014,2022,0.003,2.61,7.0,6.0,13.0,0.0,13.0,0.0,0.0,0,False,False
熊本県,熊本市南区,43104,77695,59.4,True,False,11,5,2012,2019,0.004,0.004,1.0,12.0,13.0,3.0,7.0,3.0,0.0,0,False,False
大阪府,大阪市住之江区,27125,120072,100.0,True,False,1,1,2012,2012,0.001,0.001,1.0,12.0,13.0,13.0,0.0,0.0,0.0,0,False,False
北海道,根室市,01223,14007,56.9,True,False,3,2,2013,2015,0.022,0.022,9.0,4.0,13.0,10.0,0.0,3.0,0.0,0,False,False
滋賀県,竜王町,,0,0.0,False,False,7,2,2013,2017,0.002,0.002,1.0,12.0,13.0,13.0,0.0,0.0,0.0,0,False,False
福岡県,太宰府市,40221,65050,88.9,True,False,7,4,2014,2021,0.002,0.002,2.0,11.0,13.0,3.0,1.0,9.0,0.0,0,False,False
奈良県,生駒市,29209,99233,85.0,True,False,8,3,2012,2017,0.001,0.001,0.0,13.0,13.0,2.0,0.0,11.0,0.0,0,False,False
奈良県,曽爾村,,0,0.0,False,False,7,1,2018,2018,0.012,0.012,0.0,13.0,13.0,13.0,0.0,0.0,0.0,6,False,False
兵庫県,宍粟市,,0,0.0,False,False,13,4,2011,2018,0.003,0.003,0.0,13.0,13.0,7.0,1.0,5.0,0.0,0,False,True
福岡県,北九州市八幡東区,40108,61232,94.5,True,False,9,6,2011,2023,0.003,0.003,2.0,11.0,13.0,2.0,10.0,1.0,0.0,0,False,False
神奈川県,川崎市宮前区,14136,232758,99.6,True,False,7,4,2013,2017,0.002,0.002,4.0,8.0,12.0,3.0,1.0,8.0,0.0,0,False,True
滋賀県,米原市,,0,0.0,False,False,6,3,2011,2014,0.003,0.003,0.0,12.0,12.0,11.0,0.0,1.0,0.0,0,False,False
青森県,外ヶ浜町,,0,0.0,False,False,6,3,2010,2022,0.009,0.009,5.0,7.0,12.0,0.0,0.0,12.0,0.0,0,False,False
奈良県,香芝市,29210,61714,79.0,True,False,12,6,2010,2019,0.003,0.003,0.0,12.0,12.0,2.0,1.0,9.0,0.0,0,False,False
東京都,武蔵村山市,13223,67104,94.7,True,False,4,2,2016,2019,0.002,0.002,1.0,11.0,12.0,12.0,0.0,0.0,0.0,0,False,True
愛知県,瀬戸市,23204,94830,74.2,True,False,12,2,2011,2013,0.003,0.003,3.0,9.0,12.0,10.0,0.0,2.0,0.0,0,False,False
山梨県,山中湖村,,0,0.0,False,False,2,2,2010,2011,0.006,0.006,0.0,12.0,12.0,12.0,0.0,0.0,0.0,0,False,True
愛知県,名古屋市瑞穂区,23108,108332,100.0,True,False,7,4,2011,2020,0.027,0.027,1.0,11.0,12.0,2.0,0.0,10.0,0.0,0,False,False
茨城県,東海村,08341,16516,43.6,False,False,5,3,2012,2016,0.001,0.081,0.0,12.0,12.0,0.0,0.0,12.0,0.0,0,False,False
福岡県,筑前町,,0,0.0,False,False,11,2,2019,2020,0.006,0.006,1.0,11.0,12.0,11.0,1.0,0.0,0.0,11,False,False
福岡県,那珂川町,,0,0.0,False,False,2,1,2010,2010,0.003,0.018,3.0,9.0,12.0,0.0,12.0,0.0,0.0,0,False,False
長野県,筑北村,,0,0.0,False,False,3,1,2010,2010,0.0,0.0,2.0,10.0,12.0,0.0,12.0,0.0,0.0,0,False,False
大阪府,堺市西区,27144,133725,98.8,True,False,4,1,2012,2012,0.001,0.001,3.0,9.0,12.0,12.0,0.0,0.0,0.0,0,False,False
千葉県,鎌ケ谷市,12224,100480,91.4,True,False,10,2,2014,2015,0.002,0.002,1.0,11.0,12.0,6.0,3.0,3.0,0.0,0,False,False
神奈川県,横浜市緑区,14113,176179,96.2,True,False,6,3,2013,2019,0.001,0.001,6.0,5.0,11.0,3.0,0.0,8.0,0.0,0,False,True
岐阜県,関市,21205,25199,29.5,False,False,6,2,2010,2018,0.003,0.003,0.0,11.0,11.0,8.0,3.0,0.0,0.0,4,False,False
北海道,深川市,01228,9591,47.9,False,False,16,4,2011,2019,0.005,0.278,3.0,8.0,11.0,10.0,0.0,1.0,0.0,0,False,False
群馬県,みなかみ町,,0,0.0,False,False,6,3,2011,2015,0.012,0.012,3.0,8.0,11.0,0.0,0.0,11.0,0.0,0,False,False
神奈川県,川崎市幸区,14132,171119,100.0,True,False,9,3,2014,2016,0.001,0.001,4.0,7.0,11.0,1.0,0.0,10.0,0.0,0,False,True
沖縄県,西原町,47329,10956,31.3,False,False,5,2,2013,2014,0.003,0.003,4.0,7.0,11.0,7.0,0.0,4.0,0.0,0,False,False
青森県,田舎館村,,0,0.0,False,False,9,3,2013,2022,0.002,0.591,1.0,10.0,11.0,9.0,0.0,2.0,0.0,0,False,False
福井県,坂井市,18210,27691,31.2,False,False,6,2,2022,2023,0.002,0.002,0.0,11.0,11.0,0.0,7.0,4.0,0.0,0,False,False
北海道,美幌町,01543,12493,66.8,True,False,7,2,2010,2013,0.001,0.088,0.0,11.0,11.0,0.0,0.0,11.0,0.0,0,False,False
東京都,稲城市,13225,87331,93.7,True,False,8,5,2016,2023,0.003,0.003,2.0,9.0,11.0,2.0,0.0,9.0,0.0,1,False,True
千葉県,栄町,12329,8675,43.1,False,False,6,2,2015,2019,0.014,0.014,6.0,5.0,11.0,11.0,0.0,0.0,0.0,5,False,False
茨城県,常総市,08211,11176,18.4,False,False,12,5,2012,2019,0.007,0.73,1.0,10.0,11.0,10.0,0.0,1.0,0.0,0,False,False
福岡県,桂川町,,0,0.0,False,False,6,2,2012,2018,0.002,0.002,1.0,10.0,11.0,1.0,10.0,0.0,0.0,0,False,False
青森県,六ヶ所村,,0,0.0,False,False,7,1,2016,2016,0.003,0.003,0.0,11.0,11.0,11.0,0.0,0.0,0.0,0,False,False
佐賀県,上峰町,,0,0.0,False,False,2,1,2021,2021,0.176,2.116,0.0,11.0,11.0,0.0,0.0,11.0,0.0,0,False,False
北海道,紋別市,01219,14294,67.4,True,False,7,2,2015,2016,0.002,0.002,1.0,10.0,11.0,10.0,0.0,1.0,0.0,0,False,False
山形県,大江町,,0,0.0,False,False,2,2,2013,2019,0.001,0.001,1.0,9.0,10.0,9.0,1.0,0.0,0.0,0,False,False
鹿児島県,南大隅町,,0,0.0,False,False,4,3,2011,2023,0.002,0.002,2.0,8.0,10.0,0.0,2.0,8.0,0.0,0,False,False
茨城県,美浦村,,0,0.0,False,False,2,2,2014,2023,0.01,0.17,0.0,10.0,10.0,10.0,0.0,0.0,0.0,0,False,False
山形県,金山町,,0,0.0,False,False,14,2,2010,2018,0.005,0.019,0.0,10.0,10.0,0.0,0.0,10.0,0.0,9,False,False
山梨県,富士吉田市,19202,23613,50.7,True,False,5,1,2011,2011,0.001,0.001,3.0,7.0,10.0,10.0,0.0,0.0,0.0,0,False,True
岐阜県,飛騨市,21217,5015,22.3,False,False,7,2,2014,2018,0.004,0.152,3.0,7.0,10.0,5.0,0.0,5.0,0.0,0,False,False
北海道,厚岸町,,0,0.0,False,False,2,2,2011,2020,0.039,0.039,3.0,7.0,10.0,1.0,0.0,9.0,0.0,0,False,False
福岡県,川崎町,,0,0.0,False,False,8,1,2012,2012,0.004,0.004,2.0,8.0,10.0,0.0,10.0,0.0,0.0,0,False,False
香川県,三木町,,0,0.0,False,False,1,1,2017,2017,0.006,0.009,0.0,10.0,10.0,10.0,0.0,0.0,0.0,0,False,False
栃木県,大田原市,09210,17526,24.3,False,False,4,3,2015,2019,0.006,0.006,8.0,2.0,10.0,9.0,1.0,0.0,0.0,0,False,False
北海道,上川町,,0,0.0,False,False,3,3,2010,2015,0.001,0.001,0.0,10.0,10.0,0.0,0.0,10.0,0.0,0,False,False
神奈川県,横浜市青葉区,14117,303580,97.7,True,False,6,5,2013,2019,0.001,0.001,6.0,4.0,10.0,3.0,0.0,7.0,0.0,1,False,True
山形県,東根市,06211,16300,34.2,False,False,11,2,2013,2020,0.002,0.004,4.0,6.0,10.0,0.0,10.0,0.0,0.0,0,False,False
鹿児島県,南種子町,,0,0.0,False,False,5,2,2010,2013,0.001,0.001,0.0,9.0,9.0,0.0,9.0,0.0,0.0,0,False,False
東京都,荒川区,13118,217475,100.0,True,False,3,2,2013,2016,0.001,0.001,1.0,8.0,9.0,3.0,1.0,5.0,0.0,0,False,True
福島県,昭和村,,0,0.0,False,False,2,1,2015,2015,0.008,0.054,0.0,9.0,9.0,9.0,0.0,0.0,0.0,0,False,False
京都府,京都市南区,26107,101602,99.6,True,False,8,2,2010,2014,0.001,0.001,1.0,8.0,9.0,6.0,0.0,3.0,0.0,0,False,False
北海道,興部町,,0,0.0,False,False,6,2,2014,2016,0.007,0.007,1.0,8.0,9.0,9.0,0.0,0.0,0.0,3,False,False
福岡県,福津市,40224,54064,80.7,True,False,2,1,2012,2012,0.014,0.014,0.0,9.0,9.0,0.0,9.0,0.0,0.0,0,False,False
高知県,本山町,,0,0.0,False,False,4,1,2018,2018,0.014,0.036,2.0,7.0,9.0,9.0,0.0,0.0,0.0,0,False,False
静岡県,長泉町,22342,39022,90.0,True,False,2,2,2013,2015,0.001,0.001,0.0,9.0,9.0,0.0,0.0,9.0,0.0,1,False,True
香川県,土庄町,,0,0.0,False,False,7,3,2014,2018,0.001,0.001,1.0,8.0,9.0,9.0,0.0,0.0,0.0,0,False,False
北海道,黒松内町,,0,0.0,False,False,1,1,2017,2017,0.001,0.001,2.0,7.0,9.0,9.0,0.0,0.0,0.0,0,False,False
栃木県,塩谷町,,0,0.0,False,False,8,2,2011,2023,0.002,0.002,0.0,9.0,9.0,3.0,0.0,6.0,0.0,6,False,False
愛知県,東浦町,23442,34472,69.5,True,False,5,1,2013,2013,0.005,0.005,1.0,8.0,9.0,0.0,0.0,9.0,0.0,1,False,False
埼玉県,三芳町,11324,29891,77.8,True,False,4,1,2016,2016,0.002,0.002,0.0,9.0,9.0,9.0,0.0,0.0,0.0,4,False,False
山梨県,忍野村,,0,0.0,False,False,3,2,2011,2013,0.001,0.011,0.0,9.0,9.0,9.0,0.0,0.0,0.0,0,False,True
大阪府,熊取町,27361,35960,82.2,True,False,9,3,2014,2017,0.003,0.003,0.0,9.0,9.0,6.0,3.0,0.0,0.0,0,False,False
北海道,苫小牧市,01213,142122,83.5,True,False,9,1,2013,2013,0.002,0.002,4.0,5.0,9.0,0.0,0.0,9.0,0.0,0,False,False
和歌山県,美浜町,,0,0.0,False,False,5,2,2011,2018,0.001,0.036,1.0,8.0,9.0,9.0,0.0,0.0,0.0,0,False,False
沖縄県,本部町,,0,0.0,False,False,3,2,2012,2023,0.016,0.016,0.0,9.0,9.0,9.0,0.0,0.0,0.0,0,False,False
沖縄県,大宜味村,,0,0.0,False,False,1,1,2014,2014,0.001,0.001,1.0,8.0,9.0,9.0,0.0,0.0,0.0,0,False,False
福岡県,大任町,,0,0.0,False,False,1,1,2012,2012,0.004,0.006,0.0,9.0,9.0,0.0,9.0,0.0,0.0,0,False,False
静岡県,静岡市,22100,618980,89.2,True,False,1,1,2011,2011,0.001,0.001,1.0,8.0,9.0,9.0,0.0,0.0,0.0,0,False,True
滋賀県,草津市,25206,115741,80.4,True,False,10,3,2010,2013,0.004,0.068,1.0,8.0,9.0,5.0,1.0,3.0,0.0,0,False,False
徳島県,東みよし町,,0,0.0,False,False,4,3,2011,2018,0.002,0.065,1.0,8.0,9.0,9.0,0.0,0.0,0.0,0,False,False
北海道,札幌市厚別区,01108,123339,98.6,True,False,7,5,2012,2023,0.001,0.001,5.0,4.0,9.0,4.0,0.0,5.0,0.0,4,False,False
長野県,須坂市,20207,25732,51.9,True,False,7,1,2019,2019,0.001,0.048,0.0,9.0,9.0,9.0,0.0,0.0,0.0,0,False,False
大分県,由布市,,0,0.0,False,False,5,2,2020,2021,0.01,0.03,0.0,9.0,9.0,0.0,8.0,1.0,0.0,0,False,False
鹿児島県,薩摩川内市,46215,21215,23.0,False,False,3,3,2011,2015,0.001,0.001,1.0,8.0,9.0,3.0,1.0,5.0,0.0,0,False,False
鳥取県,北栄町,,0,0.0,False,False,3,2,2011,2021,0.001,0.01,0.0,9.0,9.0,0.0,9.0,0.0,0.0,0,False,True
鳥取県,八頭町,,0,0.0,False,False,4,2,2021,2023,0.002,0.002,0.0,9.0,9.0,3.0,6.0,0.0,0.0,0,False,True
京都府,久御山町,26322,11749,77.0,True,False,2,2,2012,2013,0.003,0.157,8.0,0.0,8.0,0.0,0.0,8.0,0.0,0,False,False
鳥取県,岩美町,,0,0.0,False,False,2,2,2013,2023,0.002,0.002,2.0,6.0,8.0,0.0,5.0,3.0,0.0,0,False,True
富山県,砺波市,16208,5707,11.9,False,False,7,3,2011,2017,0.001,0.001,0.0,8.0,8.0,0.0,0.0,8.0,0.0,0,False,False
奈良県,吉野町,,0,0.0,False,False,8,2,2013,2014,0.0,0.0,0.0,8.0,8.0,8.0,0.0,0.0,0.0,0,False,False
埼玉県,越生町,,0,0.0,False,False,3,1,2022,2022,0.002,0.002,3.0,5.0,8.0,0.0,0.0,8.0,0.0,2,False,False
広島県,世羅町,,0,0.0,False,False,6,1,2018,2018,0.002,0.002,4.0,4.0,8.0,8.0,0.0,0.0,0.0,0,False,False
島根県,邑南町,,0,0.0,False,False,7,2,2018,2020,0.001,0.095,1.0,7.0,8.0,3.0,5.0,0.0,0.0,0,False,False
石川県,珠洲市,,0,0.0,False,False,7,2,2014,2018,0.005,0.005,2.0,6.0,8.0,0.0,0.0,8.0,0.0,0,False,False
神奈川県,横浜市港南区,14111,213747,99.3,True,False,8,2,2014,2019,0.001,0.001,7.0,1.0,8.0,4.0,0.0,4.0,0.0,0,False,True
神奈川県,横浜市神奈川区,14102,241938,97.8,True,False,8,3,2014,2019,0.001,0.001,1.0,7.0,8.0,8.0,0.0,0.0,0.0,6,False,True
滋賀県,長浜市,25203,34968,30.8,False,False,23,3,2010,2022,0.002,0.217,1.0,7.0,8.0,1.0,2.0,5.0,0.0,16,False,False
群馬県,富岡市,10210,9443,19.9,False,False,4,1,2010,2010,0.001,0.001,0.0,8.0,8.0,0.0,8.0,0.0,0.0,0,True,False
栃木県,高根沢町,09386,15858,54.3,True,False,4,1,2022,2022,0.01,0.01,2.0,6.0,8.0,0.0,0.0,8.0,0.0,4,False,False
福島県,須賀川市,07207,33639,44.9,False,False,4,3,2010,2018,0.001,0.001,0.0,8.0,8.0,1.0,0.0,7.0,0.0,1,False,False
福島県,石川町,,0,0.0,False,False,5,2,2011,2019,0.001,0.078,0.0,8.0,8.0,8.0,0.0,0.0,0.0,0,False,False
愛知県,豊田市,23211,246109,58.4,True,False,6,3,2011,2013,0.001,0.001,4.0,4.0,8.0,6.0,0.0,2.0,0.0,2,False,False
埼玉県,鳩山町,11348,6875,50.7,True,False,5,2,2015,2022,0.006,0.198,0.0,8.0,8.0,1.0,0.0,7.0,0.0,1,False,False
静岡県,伊豆市,,0,0.0,False,False,2,1,2019,2019,0.007,0.007,6.0,2.0,8.0,8.0,0.0,0.0,0.0,0,False,True
和歌山県,紀美野町,,0,0.0,False,False,7,2,2012,2013,0.002,0.002,1.0,7.0,8.0,8.0,0.0,0.0,0.0,0,False,False
香川県,坂出市,37203,21919,43.3,False,False,4,2,2010,2011,0.0,0.0,3.0,4.0,7.0,6.0,1.0,0.0,0.0,1,False,False
鹿児島県,出水市,,0,0.0,False,False,4,2,2012,2013,0.002,0.002,1.0,6.0,7.0,5.0,2.0,0.0,0.0,0,False,False
香川県,琴平町,,0,0.0,False,False,5,3,2015,2018,0.002,0.002,1.0,6.0,7.0,7.0,0.0,0.0,0.0,0,False,False
京都府,伊根町,,0,0.0,False,False,1,1,2018,2018,0.001,0.057,0.0,7.0,7.0,7.0,0.0,0.0,0.0,0,False,False
山口県,光市,35210,25061,50.4,True,False,1,1,2018,2018,0.0,0.0,0.0,7.0,7.0,7.0,0.0,0.0,0.0,1,False,False
香川県,小豆島町,,0,0.0,False,False,4,2,2011,2014,0.02,0.02,0.0,7.0,7.0,7.0,0.0,0.0,0.0,0,False,False
北海道,札幌市南区,01106,116193,85.6,True,False,8,4,2011,2018,0.002,0.002,2.0,5.0,7.0,3.0,0.0,4.0,0.0,2,False,False
滋賀県,野洲市,25210,24842,49.2,False,False,6,2,2013,2014,0.004,0.124,0.0,7.0,7.0,5.0,0.0,2.0,0.0,0,False,False
福井県,鯖江市,18207,27791,40.7,False,False,7,1,2017,2017,0.08,1.577,6.0,1.0,7.0,7.0,0.0,0.0,0.0,0,False,False
埼玉県,横瀬町,,0,0.0,False,False,1,1,2016,2016,0.001,0.001,0.0,7.0,7.0,7.0,0.0,0.0,0.0,0,False,False
兵庫県,稲美町,28381,8490,28.0,False,False,6,1,2011,2011,0.005,0.005,2.0,5.0,7.0,7.0,0.0,0.0,0.0,0,False,True
熊本県,熊本市西区,43103,67220,73.8,True,False,7,4,2012,2019,0.054,0.054,3.0,4.0,7.0,1.0,5.0,1.0,0.0,0,False,False
福岡県,赤村,,0,0.0,False,False,6,1,2012,2012,0.002,0.002,0.0,7.0,7.0,0.0,7.0,0.0,0.0,0,False,False
栃木県,さくら市,,0,0.0,False,False,6,1,2019,2019,0.002,0.002,0.0,7.0,7.0,7.0,0.0,0.0,0.0,0,False,False
新潟県,糸魚川市,15216,12592,30.9,False,False,8,3,2017,2023,0.009,0.01,2.0,5.0,7.0,0.0,1.0,6.0,0.0,0,False,False
徳島県,佐那河内村,,0,0.0,False,False,4,3,2011,2016,0.003,0.003,0.0,7.0,7.0,5.0,0.0,2.0,0.0,0,False,False
愛知県,長久手町,,0,0.0,False,False,7,1,2011,2011,0.002,0.002,1.0,6.0,7.0,7.0,0.0,0.0,0.0,0,False,False
熊本県,球磨村,,0,0.0,False,False,3,2,2011,2012,0.002,0.014,4.0,3.0,7.0,0.0,7.0,0.0,0.0,0,False,False
大阪府,大阪市港区,27107,80948,100.0,True,False,1,1,2012,2012,0.002,0.002,0.0,7.0,7.0,0.0,0.0,7.0,0.0,0,False,False
岐阜県,坂祝町,,0,0.0,False,False,1,1,2021,2021,0.003,0.003,5.0,2.0,7.0,0.0,0.0,7.0,0.0,0,False,False
北海道,札幌市東区,01103,255174,96.2,True,False,8,4,2012,2018,0.002,0.002,3.0,4.0,7.0,1.0,0.0,6.0,0.0,4,False,False
岐阜県,山県市,,0,0.0,False,False,6,1,2010,2010,0.002,0.002,0.0,7.0,7.0,7.0,0.0,0.0,0.0,0,False,False
奈良県,川西町,,0,0.0,False,False,1,1,2017,2017,0.001,0.001,0.0,7.0,7.0,7.0,0.0,0.0,0.0,0,False,False
東京都,墨田区,13107,272085,100.0,True,False,7,1,2014,2014,0.0,0.0,6.0,1.0,7.0,0.0,0.0,7.0,0.0,0,False,True
北海道,留萌市,01212,14870,73.9,True,False,5,2,2011,2014,0.0,0.191,1.0,6.0,7.0,7.0,0.0,0.0,0.0,0,False,False
鹿児島県,中種子町,,0,0.0,False,False,1,1,2013,2013,0.001,0.001,0.0,7.0,7.0,0.0,7.0,0.0,0.0,0,False,False
神奈川県,横浜市中区,14104,151388,100.0,True,False,5,4,2013,2019,0.001,0.001,0.0,7.0,7.0,3.0,1.0,3.0,0.0,1,False,True
東京都,日の出町,,0,0.0,False,False,2,1,2019,2019,0.001,0.001,0.0,7.0,7.0,7.0,0.0,0.0,0.0,0,False,True
千葉県,東金市,12213,13926,23.9,False,False,7,5,2011,2019,0.002,0.002,1.0,6.0,7.0,5.0,0.0,2.0,0.0,0,False,False
千葉県,横芝光町,,0,0.0,False,False,2,2,2010,2013,0.003,0.003,1.0,6.0,7.0,7.0,0.0,0.0,0.0,0,False,False
北海道,余市町,01408,8100,45.0,False,False,18,2,2010,2011,0.002,0.098,1.0,6.0,7.0,0.0,0.0,7.0,0.0,0,False,False
千葉県,一宮町,,0,0.0,False,False,4,3,2013,2019,0.016,0.016,4.0,3.0,7.0,3.0,4.0,0.0,0.0,0,False,False
石川県,輪島市,17204,7859,31.9,False,False,6,2,2013,2018,0.002,0.002,1.0,5.0,6.0,0.0,0.0,6.0,0.0,0,False,False
神奈川県,横浜市保土ケ谷区,14106,202942,97.7,True,False,2,2,2014,2019,0.001,0.001,2.0,4.0,6.0,5.0,0.0,1.0,0.0,0,False,True
山梨県,笛吹市,,0,0.0,False,False,4,2,2011,2019,0.001,0.001,0.0,6.0,6.0,5.0,0.0,1.0,0.0,0,False,True
山梨県,甲斐市,19210,52842,70.2,True,False,6,3,2012,2020,0.002,0.003,0.0,6.0,6.0,0.0,3.0,3.0,0.0,0,False,True
兵庫県,新温泉町,,0,0.0,False,False,1,1,2023,2023,0.001,0.001,6.0,0.0,6.0,6.0,0.0,0.0,0.0,0,False,True
神奈川県,横浜市旭区,14112,237584,96.9,True,False,6,3,2014,2019,0.001,0.001,3.0,3.0,6.0,2.0,0.0,4.0,0.0,2,False,True
岐阜県,七宗町,,0,0.0,False,False,5,2,2018,2023,0.001,0.001,0.0,6.0,6.0,6.0,0.0,0.0,0.0,0,False,False
長野県,岡谷市,20204,40225,84.2,True,False,4,2,2014,2019,0.0,0.0,1.0,5.0,6.0,0.0,1.0,5.0,0.0,0,False,False
青森県,つがる市,,0,0.0,False,False,12,2,2010,2022,0.0,9.473,0.0,6.0,6.0,0.0,0.0,6.0,0.0,0,False,False
埼玉県,鴻巣市,11217,88704,75.9,True,False,4,3,2011,2022,0.002,0.002,0.0,6.0,6.0,3.0,0.0,3.0,0.0,0,False,False
大阪府,堺市東区,27143,82755,97.3,True,False,2,1,2012,2012,0.001,0.001,0.0,6.0,6.0,5.0,0.0,1.0,0.0,0,False,False
青森県,平内町,,0,0.0,False,False,3,3,2012,2016,0.001,0.001,0.0,6.0,6.0,4.0,0.0,2.0,0.0,3,False,False
埼玉県,ときがわ町,,0,0.0,False,False,4,3,2011,2019,0.002,0.002,0.0,6.0,6.0,6.0,0.0,0.0,0.0,0,False,False
愛知県,名古屋市名東区,23115,164585,99.9,True,False,6,1,2011,2011,0.0,0.0,0.0,6.0,6.0,6.0,0.0,0.0,0.0,0,False,False
北海道,枝幸町,,0,0.0,False,False,13,3,2010,2014,0.002,0.441,4.0,2.0,6.0,0.0,0.0,6.0,0.0,0,False,False
北海道,士別市,01220,10468,58.6,True,False,6,1,2010,2010,0.152,0.152,3.0,3.0,6.0,0.0,0.0,6.0,0.0,0,False,False
茨城県,ひたちなか市,08221,104805,66.9,True,False,4,2,2011,2014,0.001,0.101,1.0,5.0,6.0,6.0,0.0,0.0,0.0,0,False,False
群馬県,館林市,10207,39564,52.5,True,False,5,2,2015,2017,0.001,0.002,0.0,6.0,6.0,6.0,0.0,0.0,0.0,0,False,False
北海道,網走市,01211,23129,64.7,True,False,3,2,2015,2016,0.002,0.002,1.0,5.0,6.0,3.0,0.0,3.0,0.0,0,False,False
東京都,葛飾区,13122,453093,100.0,True,False,1,1,2014,2014,0.001,0.001,6.0,0.0,6.0,0.0,0.0,6.0,0.0,0,False,True
秋田県,八峰町,,0,0.0,False,False,8,2,2013,2015,0.001,0.003,0.0,6.0,6.0,2.0,4.0,0.0,0.0,3,False,False
東京都,日野市,13212,188621,99.0,True,False,3,1,2019,2019,0.063,0.063,3.0,3.0,6.0,6.0,0.0,0.0,0.0,0,False,True
富山県,南砺市,,0,0.0,False,False,6,1,2013,2013,0.0,0.0,0.0,6.0,6.0,4.0,0.0,2.0,0.0,0,False,False
神奈川県,横浜市都筑区,14118,205969,96.6,True,False,5,4,2013,2019,0.001,0.001,2.0,3.0,5.0,3.0,0.0,2.0,0.0,1,False,True
山形県,遊佐町,,0,0.0,False,False,3,2,2010,2018,0.001,0.001,1.0,4.0,5.0,0.0,0.0,5.0,0.0,0,False,False
鹿児島県,阿久根市,,0,0.0,False,False,3,2,2011,2012,0.0,0.0,0.0,5.0,5.0,2.0,3.0,0.0,0.0,0,False,False
北海道,札幌市中央区,01101,246573,99.2,True,False,2,2,2014,2018,0.001,0.001,4.0,1.0,5.0,3.0,0.0,2.0,0.0,1,False,False
東京都,国分寺市,13214,129242,100.0,True,False,2,2,2016,2020,0.001,0.001,0.0,5.0,5.0,0.0,1.0,4.0,0.0,2,False,True
香川県,まんのう町,,0,0.0,False,False,2,2,2011,2017,0.001,0.001,0.0,5.0,5.0,5.0,0.0,0.0,0.0,0,False,False
岐阜県,瑞穂市,21216,21483,38.1,False,False,3,2,2012,2013,0.001,0.001,0.0,5.0,5.0,0.0,0.0,5.0,0.0,0,False,False
福岡県,北九州市小倉南区,40107,183803,88.0,True,False,3,3,2013,2015,0.001,0.001,1.0,4.0,5.0,1.0,4.0,0.0,0.0,0,False,False
大阪府,泉大津市,27206,74412,100.0,True,False,1,1,2014,2014,0.001,0.001,0.0,5.0,5.0,5.0,0.0,0.0,0.0,0,False,False
千葉県,千葉市美浜区,12106,148944,100.0,True,False,5,3,2013,2019,0.001,0.001,2.0,3.0,5.0,4.0,0.0,1.0,0.0,2,False,False
新潟県,新潟市西区,15107,135651,84.4,True,False,5,1,2013,2013,0.001,0.001,0.0,5.0,5.0,0.0,4.0,1.0,0.0,0,False,False
愛知県,蒲郡市,23214,54735,68.8,True,False,5,3,2021,2023,0.001,0.001,1.0,4.0,5.0,2.0,1.0,2.0,0.0,4,False,False
北海道,美唄市,01215,9671,47.4,False,False,11,2,2016,2018,0.001,1.304,0.0,5.0,5.0,4.0,0.0,1.0,0.0,0,False,False
山形県,新庄市,06205,17737,51.5,True,False,1,1,2022,2022,0.001,0.001,0.0,5.0,5.0,0.0,0.0,5.0,0.0,1,False,False
秋田県,羽後町,,0,0.0,False,False,3,2,2011,2019,0.0,0.0,2.0,3.0,5.0,1.0,2.0,2.0,0.0,0,False,False
長崎県,島原市,42203,17176,39.6,False,False,1,1,2012,2012,0.001,0.001,5.0,0.0,5.0,5.0,0.0,0.0,0.0,0,False,False
長崎県,五島市,42211,9265,26.9,False,False,4,1,2011,2011,0.0,0.0,2.0,3.0,5.0,0.0,0.0,5.0,0.0,0,False,False
北海道,下川町,,0,0.0,False,False,3,2,2010,2012,0.001,0.001,0.0,5.0,5.0,0.0,0.0,5.0,0.0,0,False,False
埼玉県,嵐山町,11342,11605,64.9,True,False,1,1,2022,2022,0.012,0.012,0.0,5.0,5.0,0.0,0.0,5.0,0.0,0,False,False
千葉県,銚子市,12202,27900,47.7,False,False,5,4,2011,2017,0.001,0.001,1.0,4.0,5.0,1.0,0.0,4.0,0.0,2,False,False
沖縄県,宮古島市,47214,19723,37.3,False,False,1,1,2016,2016,0.0,0.0,1.0,4.0,5.0,0.0,0.0,5.0,0.0,1,False,False
福井県,永平寺町,18322,5718,30.2,False,False,5,2,2011,2017,0.002,0.002,1.0,4.0,5.0,0.0,0.0,5.0,0.0,0,False,False
青森県,黒石市,02204,15037,47.1,False,False,5,1,2010,2010,0.0,0.0,0.0,5.0,5.0,0.0,0.0,5.0,0.0,0,False,False
島根県,隠岐の島町,,0,0.0,False,False,4,1,2010,2010,0.0,0.0,0.0,5.0,5.0,0.0,5.0,0.0,0.0,0,False,False
埼玉県,杉戸町,11464,24228,55.3,True,False,4,2,2013,2015,0.0,0.0,0.0,5.0,5.0,5.0,0.0,0.0,0.0,0,False,False
高知県,南国市,39204,12961,27.8,False,False,4,1,2014,2014,0.003,0.003,1.0,4.0,5.0,5.0,0.0,0.0,0.0,3,False,False
山口県,和木町,,0,0.0,False,False,3,1,2014,2014,0.003,0.003,0.0,5.0,5.0,5.0,0.0,0.0,0.0,0,False,False
熊本県,人吉市,43203,11517,37.0,False,False,4,1,2022,2022,0.002,0.002,3.0,2.0,5.0,4.0,0.0,1.0,0.0,0,False,False
熊本県,熊本市北区,43105,95119,68.0,True,False,5,3,2012,2020,0.002,0.002,1.0,4.0,5.0,0.0,5.0,0.0,0.0,0,False,False
青森県,おいらせ町,,0,0.0,False,False,1,1,2022,2022,0.001,0.001,1.0,4.0,5.0,0.0,0.0,5.0,0.0,0,False,False
北海道,札幌市豊平区,01105,224027,99.4,True,False,4,4,2012,2018,0.001,0.001,2.0,3.0,5.0,0.0,0.0,5.0,0.0,2,False,False
奈良県,高取町,,0,0.0,False,False,5,1,2017,2017,0.001,0.001,0.0,5.0,5.0,5.0,0.0,0.0,0.0,0,False,False
山口県,萩市,35204,17514,39.2,False,False,3,3,2010,2021,0.001,0.001,0.0,4.0,4.0,1.0,2.0,1.0,0.0,1,False,False
京都府,井手町,,0,0.0,False,False,2,2,2013,2017,0.014,0.055,4.0,0.0,4.0,4.0,0.0,0.0,0.0,0,False,False
静岡県,森町,,0,0.0,False,False,4,1,2014,2014,0.002,0.084,1.0,3.0,4.0,4.0,0.0,0.0,0.0,0,False,True
北海道,乙部町,,0,0.0,False,False,7,2,2010,2013,0.002,0.021,2.0,2.0,4.0,0.0,0.0,4.0,0.0,0,False,False
高知県,大豊町,,0,0.0,False,False,2,1,2014,2014,0.001,0.001,3.0,1.0,4.0,4.0,0.0,0.0,0.0,0,False,False
群馬県,嬬恋村,,0,0.0,False,False,1,1,2013,2013,0.0,0.0,0.0,4.0,4.0,4.0,0.0,0.0,0.0,0,False,False
千葉県,白井市,12232,44231,70.8,True,False,2,1,2010,2010,0.0,0.0,1.0,3.0,4.0,3.0,0.0,1.0,0.0,0,False,False
北海道,岩内町,01402,8753,75.1,True,False,1,1,2011,2011,0.0,0.0,0.0,4.0,4.0,4.0,0.0,0.0,0.0,0,False,False
新潟県,新潟市秋葉区,15105,47390,63.1,True,False,4,1,2014,2014,0.001,0.001,0.0,4.0,4.0,4.0,0.0,0.0,0.0,0,False,False
山梨県,甲府市,19201,149277,78.7,True,False,4,4,2011,2022,0.001,0.021,2.0,2.0,4.0,2.0,0.0,2.0,0.0,0,False,True
北海道,更別村,,0,0.0,False,False,3,1,2016,2016,0.005,0.734,0.0,4.0,4.0,0.0,0.0,4.0,0.0,1,False,False
東京都,町田市,13209,409438,95.0,True,False,4,2,2016,2019,0.0,0.0,2.0,2.0,4.0,4.0,0.0,0.0,0.0,0,False,True
京都府,京都市上京区,26102,83832,100.0,True,False,1,1,2014,2014,0.0,0.0,1.0,3.0,4.0,0.0,0.0,4.0,0.0,0,False,False
東京都,東久留米市,13222,115271,100.0,True,False,4,3,2018,2020,0.0,0.0,2.0,2.0,4.0,2.0,1.0,1.0,0.0,0,False,True
鳥取県,琴浦町,,0,0.0,False,False,4,2,2013,2014,0.0,0.0,0.0,4.0,4.0,1.0,0.0,3.0,0.0,0,False,True
山形県,西川町,,0,0.0,False,False,5,2,2013,2020,0.002,0.002,0.0,4.0,4.0,0.0,4.0,0.0,0.0,0,False,False
福岡県,芦屋町,40381,7252,53.5,True,False,1,1,2017,2017,0.002,0.002,2.0,2.0,4.0,0.0,4.0,0.0,0.0,0,False,False
北海道,新十津川町,,0,0.0,False,False,12,3,2011,2016,0.002,0.115,0.0,4.0,4.0,1.0,0.0,3.0,0.0,0,False,False
神奈川県,横浜市南区,14105,198157,100.0,True,False,3,2,2014,2019,0.0,0.0,3.0,1.0,4.0,2.0,0.0,2.0,0.0,0,False,True
東京都,港区,13103,260486,100.0,True,False,7,1,2010,2010,0.0,0.0,3.0,1.0,4.0,1.0,0.0,3.0,0.0,0,False,True
神奈川県,横須賀市,14201,364104,93.8,True,False,1,1,2019,2019,0.0,0.0,0.0,4.0,4.0,4.0,0.0,0.0,0.0,0,True,True
沖縄県,恩納村,,0,0.0,False,False,3,1,2020,2020,0.001,0.001,4.0,0.0,4.0,4.0,0.0,0.0,0.0,0,False,False
沖縄県,北谷町,47326,20441,72.5,True,False,2,2,2014,2015,0.001,0.001,1.0,3.0,4.0,3.0,0.0,1.0,0.0,0,False,False
埼玉県,北本市,11233,52522,80.6,True,False,2,2,2011,2017,0.067,0.071,4.0,0.0,4.0,0.0,0.0,4.0,0.0,0,False,False
千葉県,鋸南町,,0,0.0,False,False,4,1,2013,2013,0.001,0.001,0.0,4.0,4.0,4.0,0.0,0.0,0.0,0,False,False
熊本県,和水町,,0,0.0,False,False,2,1,2012,2012,0.001,0.001,0.0,4.0,4.0,0.0,4.0,0.0,0.0,0,False,False
茨城県,鹿嶋市,08222,20551,30.7,False,False,3,3,2011,2019,0.0,0.0,0.0,4.0,4.0,3.0,0.0,1.0,0.0,1,False,False
北海道,別海町,,0,0.0,False,False,4,1,2018,2018,0.034,0.034,1.0,3.0,4.0,0.0,0.0,4.0,0.0,4,False,False
兵庫県,香美町,,0,0.0,False,False,2,2,2011,2018,0.001,0.013,0.0,4.0,4.0,4.0,0.0,0.0,0.0,0,False,True
神奈川県,相模原市南区,14153,276428,98.3,True,False,3,2,2017,2020,0.001,0.001,3.0,1.0,4.0,1.0,1.0,2.0,0.0,1,False,True
北海道,浜中町,,0,0.0,False,False,1,1,2013,2013,0.001,0.001,4.0,0.0,4.0,0.0,0.0,4.0,0.0,0,False,False
北海道,湧別町,,0,0.0,False,False,1,1,2015,2015,0.028,0.028,4.0,0.0,4.0,4.0,0.0,0.0,0.0,0,False,False
鹿児島県,姶良市,46225,42994,56.3,True,False,2,1,2018,2018,0.001,0.001,3.0,1.0,4.0,4.0,0.0,0.0,0.0,0,False,False
鳥取県,智頭町,,0,0.0,False,False,1,1,2023,2023,0.001,0.001,0.0,4.0,4.0,4.0,0.0,0.0,0.0,0,False,True
北海道,札幌市手稲区,01109,138048,96.8,True,False,4,4,2016,2023,0.001,0.001,0.0,4.0,4.0,2.0,0.0,2.0,0.0,4,False,False
北海道,札幌市北区,01102,280178,96.8,True,False,3,1,2018,2018,0.0,0.0,1.0,3.0,4.0,2.0,0.0,2.0,0.0,3,False,False
大阪府,堺市南区,27145,121593,87.8,True,False,2,1,2012,2012,0.0,0.0,0.0,4.0,4.0,4.0,0.0,0.0,0.0,0,False,False
石川県,穴水町,,0,0.0,False,False,3,2,2010,2013,0.002,0.002,0.0,3.0,3.0,3.0,0.0,0.0,0.0,0,False,False
岩手県,北上市,03206,32129,34.5,False,False,1,1,2021,2021,0.005,0.005,0.0,3.0,3.0,0.0,0.0,3.0,0.0,0,False,False
岩手県,二戸市,,0,0.0,False,False,2,1,2014,2014,0.001,0.001,0.0,3.0,3.0,0.0,0.0,3.0,0.0,0,False,False
静岡県,富士宮市,22207,75330,58.8,True,False,2,2,2011,2014,0.002,0.002,0.0,3.0,3.0,3.0,0.0,0.0,0.0,0,False,True
神奈川県,川崎市麻生区,14137,170751,94.5,True,False,4,4,2016,2020,0.0,0.0,2.0,1.0,3.0,0.0,3.0,0.0,0.0,0,False,True
奈良県,大淀町,,0,0.0,False,False,1,1,2013,2013,0.001,0.001,0.0,3.0,3.0,3.0,0.0,0.0,0.0,0,False,False
青森県,鰺ケ沢町,,0,0.0,False,False,3,1,2010,2010,0.0,0.0,0.0,3.0,3.0,0.0,0.0,3.0,0.0,0,False,False
宮崎県,五ヶ瀬町,,0,0.0,False,False,3,2,2017,2022,0.001,0.056,0.0,3.0,3.0,3.0,0.0,0.0,0.0,0,False,False
長野県,南牧村,,0,0.0,False,False,1,1,2013,2013,0.003,0.026,1.0,2.0,3.0,3.0,0.0,0.0,0.0,0,False,False
北海道,仁木町,,0,0.0,False,False,10,3,2010,2018,0.0,0.145,2.0,1.0,3.0,2.0,0.0,1.0,0.0,0,False,False
佐賀県,玄海町,,0,0.0,False,False,3,2,2018,2023,0.001,0.001,0.0,3.0,3.0,1.0,0.0,2.0,0.0,1,False,False
埼玉県,滑川町,11341,6752,34.2,False,False,7,2,2019,2022,0.003,0.007,0.0,3.0,3.0,1.0,0.0,2.0,0.0,0,False,False
長崎県,新上五島町,,0,0.0,False,False,3,2,2018,2019,0.001,0.001,2.0,1.0,3.0,3.0,0.0,0.0,0.0,2,False,False
徳島県,板野町,,0,0.0,False,False,2,2,2014,2017,0.0,0.0,0.0,3.0,3.0,3.0,0.0,0.0,0.0,0,False,False
長野県,佐久穂町,,0,0.0,False,False,2,1,2015,2015,0.001,0.001,0.0,3.0,3.0,2.0,0.0,1.0,0.0,0,False,False
徳島県,つるぎ町,,0,0.0,False,False,1,1,2014,2014,0.001,0.001,3.0,0.0,3.0,3.0,0.0,0.0,0.0,0,False,False
群馬県,中之条町,,0,0.0,False,False,3,1,2011,2011,0.0,0.0,0.0,3.0,3.0,3.0,0.0,0.0,0.0,0,False,False
新潟県,新潟市北区,15101,38910,53.5,True,False,3,2,2010,2013,0.001,0.001,1.0,2.0,3.0,0.0,1.0,2.0,0.0,1,False,False
高知県,奈半利町,,0,0.0,False,False,1,1,2012,2012,0.0,0.0,0.0,3.0,3.0,3.0,0.0,0.0,0.0,0,False,False
福島県,南会津町,,0,0.0,False,False,1,1,2019,2019,0.0,0.0,0.0,3.0,3.0,3.0,0.0,0.0,0.0,0,False,False
佐賀県,有田町,,0,0.0,False,False,1,1,2019,2019,0.0,0.0,3.0,0.0,3.0,0.0,0.0,3.0,0.0,1,False,False
茨城県,鉾田市,,0,0.0,False,False,1,1,2014,2014,0.001,0.001,0.0,3.0,3.0,0.0,3.0,0.0,0.0,0,False,False
茨城県,潮来市,,0,0.0,False,False,1,1,2014,2014,0.0,0.0,1.0,2.0,3.0,3.0,0.0,0.0,0.0,0,False,False
千葉県,袖ケ浦市,12229,32431,50.8,True,False,2,2,2013,2015,0.001,0.001,0.0,3.0,3.0,1.0,0.0,2.0,0.0,0,False,False
広島県,広島市安佐南区,34105,210136,85.1,True,False,1,1,2021,2021,0.003,0.003,2.0,1.0,3.0,0.0,0.0,3.0,0.0,0,True,False
岐阜県,笠松町,21303,13073,58.9,True,False,3,1,2013,2013,0.0,0.0,0.0,3.0,3.0,0.0,0.0,3.0,0.0,0,False,False
新潟県,新潟市南区,15106,14552,33.5,False,False,3,1,2014,2014,0.001,0.001,0.0,3.0,3.0,3.0,0.0,0.0,0.0,0,False,False
愛知県,弥富市,23235,23740,55.2,True,False,1,1,2012,2012,0.0,0.0,2.0,1.0,3.0,3.0,0.0,0.0,0.0,0,False,False
大阪府,松原市,27217,116796,99.3,True,False,1,1,2012,2012,0.0,0.0,1.0,2.0,3.0,0.0,0.0,3.0,0.0,0,False,False
群馬県,川場村,,0,0.0,False,False,3,1,2010,2010,0.0,0.0,0.0,3.0,3.0,0.0,3.0,0.0,0.0,0,False,False
秋田県,小坂町,,0,0.0,False,False,2,1,2013,2013,0.001,0.001,1.0,2.0,3.0,0.0,0.0,3.0,0.0,0,False,False
群馬県,みどり市,10212,9425,19.0,False,False,1,1,2011,2011,0.0,0.0,1.0,2.0,3.0,0.0,0.0,3.0,0.0,0,False,False
福島県,三春町,,0,0.0,False,False,3,2,2013,2014,0.0,0.0,1.0,2.0,3.0,0.0,0.0,3.0,0.0,0,False,False
宮崎県,日之影町,,0,0.0,False,False,2,1,2022,2022,0.0,0.0,1.0,2.0,3.0,3.0,0.0,0.0,0.0,0,False,False
香川県,綾川町,,0,0.0,False,False,1,1,2016,2016,0.0,0.0,3.0,0.0,3.0,3.0,0.0,0.0,0.0,1,False,False
神奈川県,相模原市中央区,14152,267525,97.7,True,False,1,1,2016,2016,0.0,0.0,2.0,1.0,3.0,3.0,0.0,0.0,0.0,0,False,True
東京都,檜原村,,0,0.0,False,False,1,1,2019,2019,0.0,0.0,0.0,3.0,3.0,3.0,0.0,0.0,0.0,0,False,True
福島県,只見町,,0,0.0,False,False,3,1,2019,2019,0.001,0.007,2.0,1.0,3.0,3.0,0.0,0.0,0.0,0,False,False
北海道,喜茂別町,,0,0.0,False,False,1,1,2011,2011,0.001,0.001,0.0,3.0,3.0,3.0,0.0,0.0,0.0,0,False,False
群馬県,安中市,,0,0.0,False,False,3,2,2011,2017,0.001,0.001,0.0,3.0,3.0,0.0,0.0,3.0,0.0,0,False,False
群馬県,東吾妻町,,0,0.0,False,False,2,1,2019,2019,0.001,0.001,1.0,2.0,3.0,3.0,0.0,0.0,0.0,0,False,False
宮崎県,西米良村,,0,0.0,False,False,3,1,2022,2022,0.0,0.0,1.0,2.0,3.0,3.0,0.0,0.0,0.0,0,False,False
石川県,能登町,,0,0.0,False,False,2,1,2014,2014,0.0,0.0,0.0,3.0,3.0,0.0,0.0,3.0,0.0,0,False,False
東京都,瑞穂町,13303,22061,69.5,True,False,3,1,2016,2016,0.001,0.001,3.0,0.0,3.0,3.0,0.0,0.0,0.0,2,False,True
北海道,江差町,,0,0.0,False,False,6,2,2010,2013,0.001,0.597,2.0,1.0,3.0,0.0,0.0,3.0,0.0,0,False,False
沖縄県,豊見城市,47212,45688,70.6,True,False,3,3,2012,2014,0.001,0.001,1.0,2.0,3.0,2.0,0.0,1.0,0.0,0,False,False
茨城県,かすみがうら市,08230,15859,39.6,False,False,4,3,2010,2014,0.001,0.254,0.0,2.0,2.0,0.0,0.0,2.0,0.0,0,False,False
群馬県,邑楽町,,0,0.0,False,False,1,1,2019,2019,0.001,0.001,2.0,0.0,2.0,2.0,0.0,0.0,0.0,0,False,False
京都府,和束町,,0,0.0,False,False,2,2,2016,2017,0.0,0.0,0.0,2.0,2.0,1.0,1.0,0.0,0.0,0,False,False
奈良県,上牧町,29424,15269,70.3,True,False,1,1,2017,2017,0.0,0.0,0.0,2.0,2.0,0.0,0.0,2.0,0.0,1,False,False
石川県,宝達志水町,,0,0.0,False,False,2,1,2013,2013,0.0,0.0,0.0,2.0,2.0,0.0,0.0,2.0,0.0,0,False,False
大阪府,堺市中区,27142,114935,94.8,True,False,2,1,2012,2012,0.002,0.002,0.0,2.0,2.0,1.0,0.0,1.0,0.0,0,False,False
兵庫県,神河町,,0,0.0,False,False,2,1,2018,2018,0.0,0.0,0.0,2.0,2.0,2.0,0.0,0.0,0.0,0,False,True
大分県,豊後高田市,,0,0.0,False,False,2,1,2023,2023,0.0,0.0,1.0,1.0,2.0,0.0,2.0,0.0,0.0,2,False,False
岡山県,鏡野町,,0,0.0,False,False,2,2,2013,2020,0.0,0.0,0.0,2.0,2.0,0.0,1.0,1.0,0.0,0,False,False
鹿児島県,十島村,,0,0.0,False,False,1,1,2013,2013,0.0,0.0,0.0,2.0,2.0,0.0,2.0,0.0,0.0,0,False,False
青森県,佐井村,,0,0.0,False,False,1,1,2016,2016,0.0,0.0,0.0,2.0,2.0,2.0,0.0,0.0,0.0,0,False,False
大阪府,堺市美原区,27147,28620,76.0,True,False,2,1,2012,2012,0.0,0.0,0.0,2.0,2.0,1.0,0.0,1.0,0.0,0,False,False
広島県,広島市中区,34101,142699,100.0,True,False,2,2,2021,2022,0.001,0.001,1.0,1.0,2.0,0.0,0.0,2.0,0.0,0,True,False
北海道,今金町,,0,0.0,False,False,7,3,2011,2017,0.0,2.822,0.0,2.0,2.0,1.0,0.0,1.0,0.0,1,False,False
岩手県,洋野町,,0,0.0,False,False,1,1,2016,2016,0.002,0.002,0.0,2.0,2.0,2.0,0.0,0.0,0.0,0,False,False
熊本県,菊陽町,43404,32159,74.2,True,False,1,1,2011,2011,0.001,0.001,1.0,1.0,2.0,0.0,2.0,0.0,0.0,1,False,False
大分県,豊後大野市,,0,0.0,False,False,2,2,2012,2014,0.0,0.0,0.0,2.0,2.0,1.0,1.0,0.0,0.0,0,False,False
北海道,札幌市清田区,01110,109681,97.6,True,False,2,2,2017,2021,0.0,0.0,1.0,1.0,2.0,0.0,0.0,2.0,0.0,1,False,False
茨城県,龍ケ崎市,08208,50195,65.7,True,False,6,3,2014,2023,0.016,0.526,1.0,1.0,2.0,2.0,0.0,0.0,0.0,0,False,False
埼玉県,小鹿野町,,0,0.0,False,False,2,1,2011,2011,0.001,0.001,0.0,2.0,2.0,2.0,0.0,0.0,0.0,0,False,False
愛媛県,久万高原町,,0,0.0,False,False,2,1,2013,2013,0.0,0.0,0.0,2.0,2.0,2.0,0.0,0.0,0.0,1,False,False
埼玉県,日高市,11242,24833,45.6,False,False,1,1,2016,2016,0.004,0.004,0.0,2.0,2.0,2.0,0.0,0.0,0.0,0,False,False
埼玉県,寄居町,,0,0.0,False,False,2,1,2011,2011,0.0,0.0,0.0,2.0,2.0,2.0,0.0,0.0,0.0,0,False,False
愛知県,名古屋市天白区,23116,163527,99.2,True,False,2,1,2011,2011,0.0,0.0,0.0,2.0,2.0,2.0,0.0,0.0,0.0,0,False,False
愛知県,知立市,23225,57028,79.0,True,False,1,1,2023,2023,0.0,0.0,0.0,2.0,2.0,2.0,0.0,0.0,0.0,0,False,False
千葉県,芝山町,,0,0.0,False,False,1,1,2013,2013,0.0,0.0,0.0,2.0,2.0,2.0,0.0,0.0,0.0,0,False,False
熊本県,南関町,,0,0.0,False,False,1,1,2011,2011,0.0,0.0,1.0,1.0,2.0,0.0,2.0,0.0,0.0,0,False,False
千葉県,御宿町,,0,0.0,False,False,1,1,2011,2011,0.0,0.0,1.0,1.0,2.0,0.0,0.0,2.0,0.0,0,False,False
岐阜県,本巣市,,0,0.0,False,False,1,1,2010,2010,0.0,0.0,0.0,2.0,2.0,2.0,0.0,0.0,0.0,0,False,False
沖縄県,東村,,0,0.0,False,False,1,1,2015,2015,0.0,0.0,1.0,1.0,2.0,0.0,0.0,2.0,0.0,1,False,False
和歌山県,日高川町,,0,0.0,False,False,1,1,2017,2017,0.001,0.001,2.0,0.0,2.0,2.0,0.0,0.0,0.0,0,False,False
大阪府,富田林市,27214,84296,77.5,True,False,2,1,2017,2017,0.001,0.001,0.0,2.0,2.0,2.0,0.0,0.0,0.0,0,False,False
岡山県,奈義町,,0,0.0,False,False,1,1,2018,2018,0.0,0.0,0.0,2.0,2.0,2.0,0.0,0.0,0.0,0,False,False
福岡県,北九州市門司区,40101,78081,83.2,True,False,2,2,2013,2014,0.001,0.001,1.0,1.0,2.0,0.0,2.0,0.0,0.0,0,False,False
東京都,多摩市,13224,144468,98.3,True,False,2,1,2019,2019,0.0,0.0,0.0,2.0,2.0,2.0,0.0,0.0,0.0,0,False,True
北海道,幕別町,01643,15909,61.7,True,False,5,1,2016,2016,0.002,0.002,0.0,2.0,2.0,2.0,0.0,0.0,0.0,0,False,False
東京都,小平市,13211,198739,100.0,True,False,1,1,2016,2016,0.0,0.0,2.0,0.0,2.0,2.0,0.0,0.0,0.0,0,False,True
東京都,調布市,13208,242614,100.0,True,False,10,5,2010,2021,0.0,0.0,1.0,1.0,2.0,1.0,0.0,1.0,0.0,1,False,True
北海道,富良野市,01229,13246,62.7,True,False,7,4,2010,2016,0.0,1.281,0.0,2.0,2.0,2.0,0.0,0.0,0.0,0,False,False
福島県,西郷村,,0,0.0,False,False,2,1,2011,2011,0.0,0.0,0.0,2.0,2.0,2.0,0.0,0.0,0.0,0,False,False
奈良県,野迫川村,,0,0.0,False,False,1,1,2013,2013,0.0,0.0,0.0,2.0,2.0,2.0,0.0,0.0,0.0,0,False,False
福岡県,福岡市博多区,40132,245095,97.2,True,False,1,1,2014,2014,0.0,0.0,1.0,1.0,2.0,0.0,0.0,2.0,0.0,0,True,False
香川県,東かがわ市,,0,0.0,False,False,1,1,2014,2014,0.0,0.0,0.0,2.0,2.0,2.0,0.0,0.0,0.0,0,False,False
沖縄県,八重瀬町,47362,10242,33.1,False,False,1,1,2013,2013,0.001,0.001,0.0,2.0,2.0,0.0,0.0,2.0,0.0,0,False,False
栃木県,芳賀町,,0,0.0,False,False,2,2,2015,2017,0.002,0.002,1.0,1.0,2.0,2.0,0.0,0.0,0.0,0,False,False
栃木県,益子町,,0,0.0,False,False,2,1,2015,2015,0.001,0.001,0.0,2.0,2.0,2.0,0.0,0.0,0.0,0,False,False
石川県,野々市市,17212,50410,88.1,True,False,2,1,2022,2022,0.0,0.0,0.0,2.0,2.0,0.0,0.0,2.0,0.0,0,True,False
沖縄県,糸満市,47210,37403,61.3,True,False,2,1,2017,2017,0.001,0.001,0.0,2.0,2.0,0.0,1.0,1.0,0.0,0,False,False
栃木県,市貝町,,0,0.0,False,False,2,1,2013,2013,0.001,0.001,0.0,2.0,2.0,2.0,0.0,0.0,0.0,0,False,False
富山県,上市町,,0,0.0,False,False,3,3,2014,2023,0.0,0.009,0.0,2.0,2.0,0.0,0.0,2.0,0.0,0,False,False
北海道,本別町,,0,0.0,False,False,1,1,2015,2015,0.0,0.0,0.0,2.0,2.0,0.0,0.0,2.0,0.0,0,False,False
北海道,長沼町,,0,0.0,False,False,4,1,2012,2012,0.0,1.641,0.0,2.0,2.0,0.0,0.0,2.0,0.0,0,False,False
福島県,北塩原村,,0,0.0,False,False,2,1,2020,2020,0.001,0.001,0.0,2.0,2.0,0.0,1.0,1.0,0.0,0,False,False
千葉県,八街市,12230,8769,13.0,False,False,1,1,2010,2010,0.0,0.0,0.0,2.0,2.0,2.0,0.0,0.0,0.0,0,True,False
千葉県,長生村,,0,0.0,False,False,1,1,2023,2023,0.001,0.001,1.0,1.0,2.0,2.0,0.0,0.0,0.0,0,False,False
群馬県,片品村,,0,0.0,False,False,2,1,2013,2013,0.0,0.0,0.0,2.0,2.0,2.0,0.0,0.0,0.0,0,False,False
岐阜県,美濃加茂市,21211,11211,19.8,False,False,2,2,2020,2021,0.013,0.175,2.0,0.0,2.0,0.0,1.0,1.0,0.0,0,False,False
奈良県,宇陀市,,0,0.0,False,False,2,1,2017,2017,0.0,0.0,1.0,1.0,2.0,2.0,0.0,0.0,0.0,0,False,False
千葉県,館山市,12205,14169,31.4,False,False,2,1,2017,2017,0.001,0.001,0.0,2.0,2.0,1.0,0.0,1.0,0.0,2,False,False
熊本県,氷川町,,0,0.0,False,False,1,1,2013,2013,0.001,0.001,0.0,2.0,2.0,0.0,0.0,2.0,0.0,0,False,False
北海道,遠軽町,01555,7880,41.0,False,False,2,1,2011,2011,0.0,0.0,2.0,0.0,2.0,2.0,0.0,0.0,0.0,0,False,False
千葉県,匝瑳市,,0,0.0,False,False,1,1,2010,2010,0.0,0.0,0.0,1.0,1.0,0.0,0.0,1.0,0.0,0,False,False
宮崎県,高千穂町,,0,0.0,False,False,1,1,2022,2022,0.0,0.0,0.0,1.0,1.0,1.0,0.0,0.0,0.0,0,False,False
栃木県,那珂川町,,0,0.0,False,False,3,2,2011,2019,0.0,0.011,0.0,1.0,1.0,1.0,0.0,0.0,0.0,2,False,False
沖縄県,与那原町,47348,16931,86.0,True,False,1,1,2013,2013,0.001,0.001,1.0,0.0,1.0,0.0,0.0,1.0,0.0,0,False,False
福島県,天栄村,,0,0.0,False,False,1,1,2019,2019,0.0,0.0,1.0,0.0,1.0,1.0,0.0,0.0,0.0,1,False,False
新潟県,新潟市西蒲区,15108,11551,21.2,False,False,1,1,2013,2013,0.0,0.0,0.0,1.0,1.0,0.0,1.0,0.0,0.0,0,False,False
千葉県,東庄町,,0,0.0,False,False,1,1,2014,2014,0.001,0.001,0.0,1.0,1.0,1.0,0.0,0.0,0.0,0,False,False
新潟県,新潟市江南区,15104,38479,56.6,True,False,1,1,2014,2014,0.0,0.0,0.0,1.0,1.0,1.0,0.0,0.0,0.0,0,False,False
佐賀県,基山町,41341,7917,45.9,False,False,1,1,2012,2012,0.001,0.001,0.0,1.0,1.0,0.0,1.0,0.0,0.0,0,False,False
岡山県,勝央町,,0,0.0,False,False,1,1,2013,2013,0.001,0.001,1.0,0.0,1.0,0.0,0.0,1.0,0.0,0,False,False
福岡県,吉富町,,0,0.0,False,False,1,1,2012,2012,0.0,0.0,0.0,1.0,1.0,0.0,1.0,0.0,0.0,0,False,False
群馬県,榛東村,,0,0.0,False,False,1,1,2011,2011,0.0,0.0,0.0,1.0,1.0,1.0,0.0,0.0,0.0,0,False,False
群馬県,板倉町,,0,0.0,False,False,3,3,2011,2019,0.0,17.678,0.0,1.0,1.0,1.0,0.0,0.0,0.0,0,False,False
福島県,新地町,,0,0.0,False,False,1,1,2017,2017,0.001,0.001,0.0,1.0,1.0,1.0,0.0,0.0,0.0,0,False,False
千葉県,大網白里町,,0,0.0,False,False,1,1,2011,2011,0.0,0.0,0.0,1.0,1.0,1.0,0.0,0.0,0.0,1,False,False
東京都,府中市,13206,262790,100.0,True,False,1,1,2019,2019,0.0,0.0,1.0,0.0,1.0,1.0,0.0,0.0,0.0,0,False,True
北海道,当別町,01303,5436,34.2,False,False,2,1,2010,2010,0.001,0.05,0.0,1.0,1.0,0.0,0.0,1.0,0.0,0,False,False
北海道,名寄市,01221,17889,65.6,True,False,8,1,2010,2010,0.0,3.076,0.0,1.0,1.0,0.0,0.0,1.0,0.0,0,False,False
新潟県,湯沢町,,0,0.0,False,False,1,1,2016,2016,0.0,0.0,0.0,1.0,1.0,0.0,0.0,1.0,0.0,0,False,False
新潟県,津南町,,0,0.0,False,False,1,1,2019,2019,0.0,0.0,0.0,1.0,1.0,1.0,0.0,0.0,0.0,0,False,False
大阪府,河南町,27382,6449,41.1,False,False,1,1,2014,2014,0.0,0.0,1.0,0.0,1.0,0.0,0.0,1.0,0.0,0,False,False
東京都,小金井市,13210,126074,100.0,True,False,1,1,2018,2018,0.0,0.0,1.0,0.0,1.0,0.0,0.0,1.0,0.0,0,False,True
北海道,平取町,,0,0.0,False,False,1,1,2010,2010,0.0,0.0,0.0,1.0,1.0,0.0,0.0,1.0,0.0,0,False,False
高知県,黒潮町,,0,0.0,False,False,2,2,2014,2020,0.0,0.002,0.0,1.0,1.0,0.0,1.0,0.0,0.0,0,False,False
高知県,檮原町,,0,0.0,False,False,2,2,2017,2018,0.0,0.0,0.0,1.0,1.0,1.0,0.0,0.0,0.0,0,False,False
福岡県,福智町,,0,0.0,False,False,1,1,2010,2010,0.0,0.0,0.0,1.0,1.0,0.0,1.0,0.0,0.0,0,False,False
神奈川県,山北町,,0,0.0,False,False,1,1,2019,2019,0.0,0.0,1.0,0.0,1.0,1.0,0.0,0.0,0.0,0,False,True
神奈川県,大磯町,14341,27912,88.3,True,False,1,1,2014,2014,0.0,0.0,0.0,1.0,1.0,1.0,0.0,0.0,0.0,0,False,True
神奈川県,横浜市西区,14103,104935,100.0,True,False,1,1,2019,2019,0.0,0.0,1.0,0.0,1.0,1.0,0.0,0.0,0.0,0,False,True
千葉県,勝浦市,,0,0.0,False,False,1,1,2011,2011,0.001,0.001,0.0,1.0,1.0,0.0,0.0,1.0,0.0,0,False,False
愛知県,名古屋市緑区,23114,247325,99.4,True,False,1,1,2011,2011,0.0,0.0,0.0,1.0,1.0,1.0,0.0,0.0,0.0,0,False,False
和歌山県,串本町,,0,0.0,False,False,1,1,2019,2019,0.001,0.001,1.0,0.0,1.0,1.0,0.0,0.0,0.0,0,False,False
茨城県,阿見町,08443,28024,57.8,True,False,2,2,2014,2019,0.0,0.4,0.0,1.0,1.0,1.0,0.0,0.0,0.0,0,False,False
沖縄県,宜野湾市,47205,98886,98.8,True,False,1,1,2021,2021,0.0,0.0,0.0,1.0,1.0,0.0,1.0,0.0,0.0,1,False,False
愛知県,新城市,23221,8746,19.7,False,False,1,1,2023,2023,0.0,0.0,0.0,1.0,1.0,1.0,0.0,0.0,0.0,0,False,False
長崎県,西海市,,0,0.0,False,False,1,1,2015,2015,0.001,0.001,1.0,0.0,1.0,0.0,0.0,1.0,0.0,0,False,False
長崎県,佐世保市,42202,145910,59.9,True,False,1,1,2010,2010,0.0,0.0,0.0,1.0,1.0,0.0,1.0,0.0,0.0,1,False,False
佐賀県,太良町,,0,0.0,False,False,1,1,2021,2021,0.001,0.001,0.0,1.0,1.0,0.0,0.0,1.0,0.0,0,False,False
北海道,森町,,0,0.0,False,False,1,1,2013,2013,0.001,0.001,0.0,1.0,1.0,0.0,0.0,1.0,0.0,0,False,False
長野県,安曇野市,20220,8490,9.0,False,False,1,1,2020,2020,0.001,0.007,0.0,1.0,1.0,0.0,1.0,0.0,0.0,0,False,False
熊本県,南小国町,,0,0.0,False,False,1,1,2018,2018,0.0,0.0,0.0,1.0,1.0,0.0,0.0,1.0,0.0,0,False,False
長野県,天龍村,,0,0.0,False,False,1,1,2010,2010,0.0,0.0,0.0,1.0,1.0,0.0,1.0,0.0,0.0,0,False,False
広島県,広島市東区,34102,104525,87.6,True,False,1,1,2021,2021,0.001,0.001,1.0,0.0,1.0,0.0,0.0,1.0,0.0,0,True,False
北海道,共和町,,0,0.0,False,False,1,1,2015,2015,0.0,0.0,0.0,1.0,1.0,0.0,0.0,1.0,0.0,0,False,False
青森県,三戸町,,0,0.0,False,False,1,1,2022,2022,0.001,0.001,0.0,1.0,1.0,0.0,0.0,1.0,0.0,0,False,False
広島県,府中町,34302,50893,99.5,True,False,2,1,2012,2012,0.0,0.0,1.0,0.0,1.0,0.0,1.0,0.0,0.0,0,False,False
愛知県,尾張旭市,23226,79410,95.5,True,False,1,1,2011,2011,0.0,0.0,0.0,1.0,1.0,1.0,0.0,0.0,0.0,0,False,False
岡山県,新庄村,,0,0.0,False,False,1,1,2018,2018,0.0,0.0,0.0,1.0,1.0,1.0,0.0,0.0,0.0,0,False,False
岡山県,里庄町,,0,0.0,False,False,1,1,2013,2013,0.001,0.001,0.0,1.0,1.0,0.0,0.0,1.0,0.0,0,False,False
島根県,飯南町,,0,0.0,False,False,1,1,2021,2021,0.001,0.001,0.0,1.0,1.0,0.0,1.0,0.0,0.0,0,False,False
静岡県,御前崎市,,0,0.0,False,False,1,1,2022,2022,0.0,0.0,1.0,0.0,1.0,1.0,0.0,0.0,0.0,0,False,True
熊本県,熊本市東区,43102,170189,89.8,True,False,1,1,2016,2016,0.0,0.0,1.0,0.0,1.0,0.0,1.0,0.0,0.0,0,False,False
青森県,東北町,,0,0.0,False,False,1,1,2016,2016,0.001,0.001,0.0,1.0,1.0,1.0,0.0,0.0,0.0,0,False,False
大阪府,大阪市平野区,27126,191742,99.8,True,False,1,1,2012,2012,0.0,0.0,0.0,1.0,1.0,1.0,0.0,0.0,0.0,0,False,False
大阪府,大阪市此花区,27104,65251,100.0,True,False,1,1,2012,2012,0.0,0.0,0.0,1.0,1.0,0.0,0.0,1.0,0.0,0,False,False
奈良県,五條市,29207,5791,20.7,False,False,2,2,2014,2017,0.311,0.311,1.0,0.0,1.0,1.0,0.0,0.0,0.0,1,False,False
青森県,階上町,,0,0.0,False,False,1,1,2019,2019,0.0,0.0,1.0,0.0,1.0,1.0,0.0,0.0,0.0,1,False,False
青森県,板柳町,,0,0.0,False,False,1,1,2022,2022,0.0,0.0,1.0,0.0,1.0,0.0,0.0,1.0,0.0,0,False,False
青森県,東通村,,0,0.0,False,False,1,1,2013,2013,0.0,0.0,1.0,0.0,1.0,1.0,0.0,0.0,0.0,0,False,False
三重県,川越町,24344,9193,60.8,True,False,1,1,2012,2012,0.0,0.0,0.0,1.0,1.0,1.0,0.0,0.0,0.0,0,False,False
三重県,多気町,,0,0.0,False,False,1,1,2017,2017,0.0,0.321,0.0,1.0,1.0,1.0,0.0,0.0,0.0,0,False,False
青森県,西目屋村,,0,0.0,False,False,16,4,2012,2015,0.0,0.029,0.0,1.0,1.0,0.0,0.0,1.0,0.0,0,False,False
宮城県,色麻町,,0,0.0,False,False,1,1,2012,2012,0.0,0.0,0.0,1.0,1.0,0.0,0.0,1.0,0.0,0,False,False
三重県,大台町,,0,0.0,False,False,1,1,2017,2017,0.001,0.001,1.0,0.0,1.0,1.0,0.0,0.0,0.0,0,False,False
高知県,北川村,,0,0.0,False,False,1,1,2018,2018,0.0,0.0,0.0,1.0,1.0,1.0,0.0,0.0,0.0,1,False,False
神奈川県,愛川町,14401,24986,62.7,True,False,1,1,2016,2016,0.002,0.002,1.0,0.0,1.0,1.0,0.0,0.0,0.0,0,False,True
北海道,白糠町,,0,0.0,False,False,1,1,2018,2018,0.0,0.0,0.0,1.0,1.0,0.0,0.0,1.0,0.0,0,False,False
北海道,登別市,01230,34190,73.7,True,False,1,1,2010,2010,0.0,0.0,0.0,1.0,1.0,0.0,0.0,1.0,0.0,0,False,False
鹿児島県,鹿児島市,46201,478507,80.8,True,False,1,1,2010,2010,0.0,0.0,0.0,1.0,1.0,0.0,1.0,0.0,0.0,0,False,False
北海道,白老町,,0,0.0,False,False,2,1,2013,2013,0.0,0.0,0.0,0.0,0.0,0.0,0.0,0.0,0.0,0,False,False
北海道,知内町,,0,0.0,False,False,4,2,2021,2022,0.0,0.106,0.0,0.0,0.0,0.0,0.0,0.0,0.0,0,False,False
京都府,南丹市,26213,8043,25.4,False,False,1,1,2011,2011,0.0,0.001,0.0,0.0,0.0,0.0,0.0,0.0,0.0,0,False,False
奈良県,黒滝村,,0,0.0,False,False,1,1,2015,2015,0.0,0.0,0.0,0.0,0.0,0.0,0.0,0.0,0.0,0,False,False
鳥取県,日吉津村,,0,0.0,False,False,2,1,2011,2011,0.0,0.011,0.0,0.0,0.0,0.0,0.0,0.0,0.0,0,False,True
兵庫県,宝塚市,28214,214586,94.7,True,False,1,1,2014,2014,0.0,0.0,0.0,0.0,0.0,0.0,0.0,0.0,0.0,0,False,True
北海道,むかわ町,,0,0.0,False,False,2,2,2012,2016,0.0,0.12,0.0,0.0,0.0,0.0,0.0,0.0,0.0,0,False,False
岩手県,平泉町,,0,0.0,False,False,5,2,2011,2013,0.0,0.29,0.0,0.0,0.0,0.0,0.0,0.0,0.0,0,False,False
熊本県,相良村,,0,0.0,False,False,1,1,2012,2012,0.0,0.003,0.0,0.0,0.0,0.0,0.0,0.0,0.0,0,False,False
北海道,札幌市西区,01107,214749,98.9,True,False,2,2,2011,2017,0.0,0.0,0.0,0.0,0.0,0.0,0.0,0.0,0.0,1,False,False
岐阜県,神戸町,21381,6346,34.1,False,False,1,1,2017,2017,0.0,0.016,0.0,0.0,0.0,0.0,0.0,0.0,0.0,0,False,False
北海道,東神楽町,,0,0.0,False,False,2,1,2018,2018,0.0,0.044,0.0,0.0,0.0,0.0,0.0,0.0,0.0,0,False,False
北海道,遠別町,,0,0.0,False,False,19,1,2010,2010,0.0,1.526,0.0,0.0,0.0,0.0,0.0,0.0,0.0,0,False,False
北海道,江別市,01217,110103,91.0,True,False,2,1,2016,2016,0.0,0.095,0.0,0.0,0.0,0.0,0.0,0.0,0.0,0,False,False
北海道,佐呂間町,,0,0.0,False,False,7,2,2011,2013,0.0,1.202,0.0,0.0,0.0,0.0,0.0,0.0,0.0,0,False,False
北海道,剣淵町,,0,0.0,False,False,2,1,2010,2010,0.0,0.685,0.0,0.0,0.0,0.0,0.0,0.0,0.0,0,False,False
徳島県,上板町,,0,0.0,False,False,1,1,2011,2011,0.0,0.006,0.0,0.0,0.0,0.0,0.0,0.0,0.0,0,False,False
徳島県,那賀町,,0,0.0,False,False,1,1,2011,2011,0.0,0.028,0.0,0.0,0.0,0.0,0.0,0.0,0.0,0,False,False
北海道,中頓別町,,0,0.0,False,False,5,1,2010,2010,0.0,0.304,0.0,0.0,0.0,0.0,0.0,0.0,0.0,0,False,False
茨城県,城里町,,0,0.0,False,False,1,1,2014,2014,0.0,0.04,0.0,0.0,0.0,0.0,0.0,0.0,0.0,0,False,False
北海道,美深町,,0,0.0,False,False,1,1,2010,2010,0.0,0.286,0.0,0.0,0.0,0.0,0.0,0.0,0.0,0,False,False
北海道,美瑛町,,0,0.0,False,False,22,3,2010,2016,0.0,0.383,0.0,0.0,0.0,0.0,0.0,0.0,0.0,0,False,False
北海道,羽幌町,,0,0.0,False,False,26,1,2014,2014,0.0,0.231,0.0,0.0,0.0,0.0,0.0,0.0,0.0,0,False,False
北海道,苫前町,,0,0.0,False,False,8,1,2014,2014,0.0,0.277,0.0,0.0,0.0,0.0,0.0,0.0,0.0,0,False,False
北海道,秩父別町,,0,0.0,False,False,3,1,2011,2011,0.0,0.071,0.0,0.0,0.0,0.0,0.0,0.0,0.0,0,False,False
北海道,置戸町,,0,0.0,False,False,45,3,2012,2016,0.0,0.359,0.0,0.0,0.0,0.0,0.0,0.0,0.0,0,False,False
京都府,宇治田原町,,0,0.0,False,False,25,1,2014,2014,0.0,0.02,0.0,0.0,0.0,0.0,0.0,0.0,0.0,0,False,False
佐賀県,吉野ヶ里町,,0,0.0,False,False,1,1,2010,2010,0.0,0.56,0.0,0.0,0.0,0.0,0.0,0.0,0.0,0,False,False
北海道,和寒町,,0,0.0,False,False,49,5,2011,2016,0.0,1.835,0.0,0.0,0.0,0.0,0.0,0.0,0.0,22,False,False
北海道,小平町,,0,0.0,False,False,1,1,2018,2018,0.0,0.365,0.0,0.0,0.0,0.0,0.0,0.0,0.0,0,False,False
福島県,桑折町,,0,0.0,False,False,1,1,2011,2011,0.0,0.084,0.0,0.0,0.0,0.0,0.0,0.0,0.0,0,False,False
福島県,浪江町,,0,0.0,False,False,1,1,2019,2019,0.0,0.0,0.0,0.0,0.0,0.0,0.0,0.0,0.0,0,False,False
福島県,湯川村,,0,0.0,False,False,1,1,2022,2022,0.0,0.0,0.0,0.0,0.0,0.0,0.0,0.0,0.0,0,False,False
東京都,国立市,13215,75958,98.5,True,False,1,1,2019,2019,0.0,0.0,0.0,0.0,0.0,0.0,0.0,0.0,0.0,0,False,True
北海道,南富良野町,,0,0.0,False,False,1,1,2010,2010,0.0,0.38,0.0,0.0,0.0,0.0,0.0,0.0,0.0,0,False,False
北海道,幌延町,,0,0.0,False,False,1,1,2010,2010,0.0,3.8,0.0,0.0,0.0,0.0,0.0,0.0,0.0,0,False,False
北海道,当麻町,,0,0.0,False,False,1,1,2011,2011,0.0,0.0,0.0,0.0,0.0,0.0,0.0,0.0,0.0,0,False,False
北海道,月形町,,0,0.0,False,False,4,1,2016,2016,0.0,0.001,0.0,0.0,0.0,0.0,0.0,0.0,0.0,0,False,False
栃木県,野木町,09364,14819,59.5,True,False,1,1,2017,2017,0.0,0.0,0.0,0.0,0.0,0.0,0.0,0.0,0.0,0,False,False
北海道,音威子府村,,0,0.0,False,False,10,1,2010,2010,0.0,0.282,0.0,0.0,0.0,0.0,0.0,0.0,0.0,0,False,False
高知県,田野町,,0,0.0,False,False,1,1,2011,2011,0.0,0.0,0.0,0.0,0.0,0.0,0.0,0.0,0.0,0,False,False
福岡県,福岡市中央区,40133,205501,100.0,True,False,1,1,2018,2018,0.0,0.0,0.0,0.0,0.0,0.0,0.0,0.0,0.0,0,True,False
山形県,鮭川村,,0,0.0,False,False,17,2,2011,2013,0.0,0.373,0.0,0.0,0.0,0.0,0.0,0.0,0.0,0,False,False
北海道,池田町,,0,0.0,False,False,12,1,2016,2016,0.0,0.845,0.0,0.0,0.0,0.0,0.0,0.0,0.0,0,False,False
